"Device Name","DD Status","DS Status","KC Status","AD Status","AR Status","AI Status","SI Status","Last Sync"
"MINI-FIN-DNEGSN","Enabled","BlockedByProfile","LikelyEnabled","BlockedByProfile","Enabled","AllBlocked","BlockedByProfile","2026-03-15 07:24"
"MINI-EXEC-OBSDXS","BlockedByProfile","BlockedByProfile","BlockedByProfile","Disabled","BlockedByProfile","Available","Enabled","2026-03-19 15:52"
"MBP-HR-UHQDBP","BlockedByProfile","Inactive","LikelyEnabled","Enabled","Enabled","AllBlocked","Enabled","2026-03-19 15:03"
"IMAC-OPS-AVAABR","Enabled","Active","LikelyEnabled","Enabled","DisabledByUser","PartiallyManaged","BlockedByProfile","2026-03-10 09:37"
"STUDIO-MKT-SECLIU","Enabled","BlockedByProfile","BlockedByProfile","Disabled","Enabled","PartiallyManaged","Enabled","2026-03-20 05:14"
"MBP-HR-PKCZDC","Enabled","Active","NoiCloudAccount","Enabled","DisabledByUser","Available","BlockedByProfile","2026-03-11 19:18"
"MBA-FIN-AGYZUD","Disabled","Active","NoiCloudAccount","Enabled","Enabled","N/A","Enabled","2026-03-06 22:57"
"STUDIO-EXEC-DCAEYS","BlockedByProfile","N/A","N/A","Disabled","Enabled","Available","BlockedByProfile","2026-03-11 11:40"
"MINI-HR-INUGXR","Enabled","Inactive","LikelyEnabled","Disabled","DisabledByUser","AllBlocked","Unknown","2026-03-06 22:36"
"STUDIO-FIN-PFQNSC","Disabled","BlockedByProfile","BlockedByProfile","Disabled","BlockedByProfile","Available","Unknown","2026-03-20 09:17"
"MBA-FIN-HHWMJL","Disabled","N/A","LikelyEnabled","Disabled","Enabled","Available","Unknown","2026-03-11 20:06"
"STUDIO-ENG-MWIXWX","Enabled","N/A","LikelyEnabled","Disabled","BlockedByProfile","N/A","Enabled","2026-03-10 10:09"
"IMAC-ENG-RNJIFP","Disabled","Active","LikelyEnabled","Disabled","Enabled","N/A","Enabled","2026-03-12 02:20"
"MBA-DEV-CYERFQ","Disabled","Active","LikelyEnabled","Enabled","BlockedByProfile","PartiallyManaged","Unknown","2026-03-11 05:11"
"IMAC-EXEC-SIPTLZ","BlockedByProfile","BlockedByProfile","LikelyEnabled","Enabled","Enabled","Available","BlockedByProfile","2026-03-10 01:24"
"MBA-IT-MXYNFY","Disabled","Inactive","BlockedByProfile","Enabled","Enabled","N/A","BlockedByProfile","2026-03-07 21:20"
"MAC-FIN-JCAQAG","Disabled","Configured","LikelyEnabled","BlockedByProfile","Enabled","AllBlocked","Enabled","2026-03-20 09:50"
"MBP-SEC-UNSXRX","BlockedByProfile","Configured","NoiCloudAccount","Disabled","BlockedByProfile","Available","DisabledByUser","2026-03-09 05:47"
"STUDIO-EXEC-VLXFHV","BlockedByProfile","Active","NoiCloudAccount","Enabled","Unknown","Available","DisabledByUser","2026-03-07 09:56"
"IMAC-MKT-DFTDDM","BlockedByProfile","Active","BlockedByProfile","BlockedByProfile","Enabled","Available","DisabledByUser","2026-03-07 11:11"
"MBA-OPS-VWBVLV","Disabled","Active","BlockedByProfile","BlockedByProfile","Enabled","AllBlocked","BlockedByProfile","2026-03-11 04:07"
"MBP-FIN-CMNJMR","Enabled","Configured","N/A","Enabled","Enabled","PartiallyManaged","Unknown","2026-03-14 16:53"
"MAC-LEGAL-LVCMFR","Disabled","Active","BlockedByProfile","BlockedByProfile","Unknown","Available","BlockedByProfile","2026-03-16 22:58"
"MBA-DEV-HEMBDE","Enabled","N/A","LikelyEnabled","Enabled","DisabledByUser","Available","Enabled","2026-03-10 13:38"
"MBP-SEC-XWBDZH","Enabled","Active","BlockedByProfile","Enabled","Enabled","AllBlocked","DisabledByUser","2026-03-15 22:59"
"MBP-LEGAL-HPCXWL","Disabled","Inactive","LikelyEnabled","Enabled","Enabled","N/A","BlockedByProfile","2026-03-18 14:36"
"MBA-EXEC-FKSMED","N/A","BlockedByProfile","LikelyEnabled","Enabled","BlockedByProfile","AllBlocked","Enabled","2026-03-16 18:03"
"STUDIO-ENG-BGALMZ","N/A","Active","NoiCloudAccount","Enabled","Enabled","Available","Enabled","2026-03-15 14:44"
"MAC-FIN-VAWNFP","Disabled","Active","LikelyEnabled","Enabled","Enabled","AllBlocked","DisabledByUser","2026-03-12 11:45"
"MINI-FIN-CQNQYN","BlockedByProfile","N/A","LikelyEnabled","Enabled","Unknown","AllBlocked","Enabled","2026-03-19 00:24"
"MBP-LEGAL-UXYZRV","Enabled","Configured","NoiCloudAccount","N/A","BlockedByProfile","N/A","DisabledByUser","2026-03-09 07:42"
"IMAC-OPS-ALCSGD","BlockedByProfile","Active","NoiCloudAccount","N/A","Enabled","AllBlocked","DisabledByUser","2026-03-18 00:08"
"MBA-EXEC-ACKTAP","N/A","Active","NoiCloudAccount","BlockedByProfile","DisabledByUser","N/A","BlockedByProfile","2026-03-19 09:43"
"MINI-IT-TFYGUN","Enabled","Active","LikelyEnabled","Disabled","Enabled","AllBlocked","DisabledByUser","2026-03-11 07:48"
"MAC-OPS-WMRTGV","Enabled","Active","LikelyEnabled","N/A","Enabled","PartiallyManaged","Enabled","2026-03-15 20:12"
"MAC-MKT-JEBPBW","BlockedByProfile","Active","LikelyEnabled","Enabled","BlockedByProfile","Available","DisabledByUser","2026-03-12 18:24"
"MBA-OPS-GJDREB","BlockedByProfile","BlockedByProfile","LikelyEnabled","N/A","BlockedByProfile","AllBlocked","DisabledByUser","2026-03-18 20:05"
"MINI-LEGAL-CPKLKW","Disabled","N/A","LikelyEnabled","Disabled","Enabled","Available","DisabledByUser","2026-03-09 13:15"
"IMAC-OPS-VOUDWI","Disabled","BlockedByProfile","NoiCloudAccount","BlockedByProfile","Enabled","PartiallyManaged","Enabled","2026-03-18 22:49"
"MINI-HR-MHBNXG","BlockedByProfile","BlockedByProfile","BlockedByProfile","Enabled","BlockedByProfile","AllBlocked","DisabledByUser","2026-03-06 13:21"
"MBA-SEC-DXVAKJ","Disabled","N/A","LikelyEnabled","Enabled","Enabled","PartiallyManaged","Enabled","2026-03-06 17:07"
"MAC-MKT-MLUWMI","BlockedByProfile","Configured","LikelyEnabled","BlockedByProfile","DisabledByUser","N/A","DisabledByUser","2026-03-10 01:17"
"MBP-OPS-DEYVWQ","Enabled","BlockedByProfile","N/A","BlockedByProfile","Enabled","PartiallyManaged","DisabledByUser","2026-03-09 22:32"
"MBA-MKT-KIZZFI","Enabled","Inactive","NoiCloudAccount","Enabled","Enabled","Available","DisabledByUser","2026-03-17 12:19"
"MINI-HR-UKDRNK","BlockedByProfile","Inactive","NoiCloudAccount","Disabled","Enabled","Available","BlockedByProfile","2026-03-10 13:25"
"STUDIO-FIN-WTCNTQ","Disabled","BlockedByProfile","NoiCloudAccount","Enabled","Enabled","Available","DisabledByUser","2026-03-13 14:39"
"MINI-SEC-UFFQWR","Enabled","Inactive","LikelyEnabled","BlockedByProfile","Unknown","AllBlocked","DisabledByUser","2026-03-12 16:04"
"MBA-FIN-PKZFWR","Disabled","Active","LikelyEnabled","Enabled","Unknown","Available","Enabled","2026-03-08 09:04"
"IMAC-MKT-VTUOQW","Enabled","Active","NoiCloudAccount","BlockedByProfile","Enabled","AllBlocked","Unknown","2026-03-18 02:07"
"MBP-HR-REWWCP","BlockedByProfile","Active","LikelyEnabled","Enabled","Enabled","N/A","Enabled","2026-03-10 04:37"
"MINI-FIN-ZUIBFF","Disabled","BlockedByProfile","NoiCloudAccount","Enabled","Enabled","AllBlocked","Enabled","2026-03-12 07:45"
"MBP-MKT-MAZJEZ","BlockedByProfile","Inactive","NoiCloudAccount","Enabled","Enabled","AllBlocked","Enabled","2026-03-06 11:46"
"MBA-HR-SVNKWH","Disabled","N/A","LikelyEnabled","Disabled","Enabled","Available","DisabledByUser","2026-03-09 10:47"
"MBP-IT-IDPLFX","Disabled","Active","NoiCloudAccount","Disabled","BlockedByProfile","AllBlocked","Enabled","2026-03-18 21:29"
"MAC-HR-DKJCFZ","BlockedByProfile","Inactive","NoiCloudAccount","BlockedByProfile","Enabled","Available","Enabled","2026-03-12 17:21"
"STUDIO-LEGAL-BGNEKG","Disabled","Active","N/A","Enabled","Enabled","AllBlocked","DisabledByUser","2026-03-12 09:17"
"MBP-MKT-VBDJZP","BlockedByProfile","Active","BlockedByProfile","Disabled","Unknown","PartiallyManaged","Enabled","2026-03-12 10:29"
"MBP-HR-TEOWUY","Disabled","Active","NoiCloudAccount","BlockedByProfile","BlockedByProfile","AllBlocked","Enabled","2026-03-08 15:10"
"STUDIO-LEGAL-PDXDOE","Enabled","N/A","LikelyEnabled","Disabled","Enabled","PartiallyManaged","DisabledByUser","2026-03-10 16:56"
"MBA-SEC-YMUUGF","Disabled","Configured","BlockedByProfile","Enabled","BlockedByProfile","Available","DisabledByUser","2026-03-12 06:57"
"STUDIO-HR-WFMLEM","BlockedByProfile","BlockedByProfile","BlockedByProfile","Disabled","Enabled","AllBlocked","DisabledByUser","2026-03-17 08:35"
"STUDIO-ENG-JZZCJB","BlockedByProfile","Active","LikelyEnabled","Enabled","Enabled","Available","BlockedByProfile","2026-03-09 14:09"
"MBP-IT-CKZHKQ","Enabled","Active","LikelyEnabled","BlockedByProfile","Enabled","Available","BlockedByProfile","2026-03-17 03:57"
"MAC-LEGAL-IUKBUJ","Enabled","Active","LikelyEnabled","Enabled","BlockedByProfile","Available","Enabled","2026-03-07 03:38"
"MBA-EXEC-RILHCT","Enabled","BlockedByProfile","LikelyEnabled","BlockedByProfile","Enabled","Available","Enabled","2026-03-17 01:51"
"MBP-ENG-YNCKKZ","Enabled","Active","NoiCloudAccount","N/A","Enabled","Available","Enabled","2026-03-14 15:52"
"MBA-EXEC-MXUFOZ","BlockedByProfile","Active","NoiCloudAccount","Enabled","BlockedByProfile","PartiallyManaged","BlockedByProfile","2026-03-16 05:21"
"MBP-HR-ADSGII","Enabled","Configured","LikelyEnabled","Enabled","Enabled","AllBlocked","Enabled","2026-03-15 23:16"
"MBP-ENG-UEVTQW","BlockedByProfile","Inactive","NoiCloudAccount","BlockedByProfile","Enabled","Available","Enabled","2026-03-07 16:13"
"MINI-HR-PWDVZR","Disabled","Active","NoiCloudAccount","Enabled","BlockedByProfile","AllBlocked","Enabled","2026-03-10 16:35"
"IMAC-ENG-EIENCB","BlockedByProfile","N/A","LikelyEnabled","Disabled","Enabled","Available","BlockedByProfile","2026-03-08 02:39"
"IMAC-SEC-TOCOQV","Disabled","Inactive","LikelyEnabled","Enabled","Unknown","PartiallyManaged","BlockedByProfile","2026-03-10 17:05"
"STUDIO-FIN-GSDAHU","BlockedByProfile","BlockedByProfile","N/A","BlockedByProfile","Enabled","PartiallyManaged","BlockedByProfile","2026-03-18 07:57"
"IMAC-IT-TQHZVJ","BlockedByProfile","Inactive","BlockedByProfile","Disabled","BlockedByProfile","Available","Enabled","2026-03-12 15:44"
"MBP-HR-HDKHDN","Enabled","BlockedByProfile","NoiCloudAccount","Disabled","BlockedByProfile","Available","Enabled","2026-03-10 21:57"
"MINI-IT-HEJYUA","Disabled","BlockedByProfile","NoiCloudAccount","Enabled","Enabled","Available","Enabled","2026-03-19 04:23"
"MINI-EXEC-LIQLOP","BlockedByProfile","Inactive","N/A","Enabled","DisabledByUser","PartiallyManaged","Enabled","2026-03-20 04:29"
"MINI-IT-MELMQM","Enabled","BlockedByProfile","LikelyEnabled","Disabled","Enabled","PartiallyManaged","Enabled","2026-03-12 21:55"
"IMAC-MKT-MQHJLT","Disabled","BlockedByProfile","LikelyEnabled","BlockedByProfile","BlockedByProfile","Available","BlockedByProfile","2026-03-11 10:00"
"MBP-MKT-SPONYI","BlockedByProfile","N/A","LikelyEnabled","Enabled","Enabled","Available","DisabledByUser","2026-03-13 21:21"
"MBP-EXEC-QRPTZM","Disabled","Active","NoiCloudAccount","Enabled","DisabledByUser","PartiallyManaged","Unknown","2026-03-13 12:27"
"MAC-EXEC-ZHWXAO","Enabled","N/A","LikelyEnabled","BlockedByProfile","Enabled","N/A","DisabledByUser","2026-03-08 22:24"
"MBP-HR-NZOAGO","Enabled","Active","LikelyEnabled","Enabled","Enabled","N/A","DisabledByUser","2026-03-15 13:32"
"MBA-EXEC-UQECCN","Enabled","N/A","LikelyEnabled","N/A","Enabled","AllBlocked","Enabled","2026-03-18 05:22"
"MINI-OPS-TTTUOF","Disabled","Inactive","LikelyEnabled","Enabled","DisabledByUser","Available","Enabled","2026-03-18 11:28"
"MBA-OPS-DGBQGS","Enabled","Active","LikelyEnabled","Enabled","Unknown","Available","Unknown","2026-03-09 08:38"
"STUDIO-EXEC-WSKYOC","Enabled","Inactive","NoiCloudAccount","N/A","Unknown","Available","DisabledByUser","2026-03-17 03:27"
"MBP-ENG-QBIDXC","BlockedByProfile","Active","LikelyEnabled","Enabled","BlockedByProfile","N/A","BlockedByProfile","2026-03-18 19:44"
"MINI-SEC-BCUYAO","Disabled","Configured","BlockedByProfile","Disabled","DisabledByUser","Available","Unknown","2026-03-16 19:44"
"STUDIO-MKT-GNDKWV","Disabled","BlockedByProfile","LikelyEnabled","Disabled","Enabled","AllBlocked","Enabled","2026-03-15 22:09"
"MINI-DEV-MAXOEW","Disabled","N/A","LikelyEnabled","Disabled","Enabled","PartiallyManaged","Unknown","2026-03-19 07:34"
"MBA-FIN-TGWQKW","BlockedByProfile","Inactive","LikelyEnabled","Enabled","Enabled","AllBlocked","Enabled","2026-03-08 16:48"
"MINI-OPS-SUEDKL","Enabled","Active","BlockedByProfile","BlockedByProfile","DisabledByUser","Available","BlockedByProfile","2026-03-19 08:44"
"STUDIO-LEGAL-UEPMAY","BlockedByProfile","Active","BlockedByProfile","Enabled","DisabledByUser","Available","DisabledByUser","2026-03-09 13:37"
"IMAC-FIN-QFOEOS","Disabled","Configured","LikelyEnabled","N/A","DisabledByUser","N/A","Enabled","2026-03-19 14:15"
"MBP-HR-PWCYQI","Disabled","Inactive","NoiCloudAccount","Enabled","Enabled","Available","DisabledByUser","2026-03-15 22:43"
"MINI-FIN-THIDVD","N/A","Active","NoiCloudAccount","Enabled","DisabledByUser","Available","BlockedByProfile","2026-03-13 04:30"
"MINI-ENG-PMRUQV","Enabled","Active","LikelyEnabled","Disabled","BlockedByProfile","PartiallyManaged","BlockedByProfile","2026-03-16 03:54"
"IMAC-EXEC-QQFUFU","Disabled","Active","LikelyEnabled","Enabled","DisabledByUser","N/A","Enabled","2026-03-15 16:24"
"IMAC-HR-AZTKWN","Enabled","Configured","LikelyEnabled","BlockedByProfile","Unknown","AllBlocked","BlockedByProfile","2026-03-11 18:07"
"STUDIO-ENG-ZEHIBO","N/A","BlockedByProfile","NoiCloudAccount","N/A","Enabled","Available","DisabledByUser","2026-03-15 09:56"
"STUDIO-SEC-OFKBJA","BlockedByProfile","Inactive","LikelyEnabled","Enabled","Enabled","Available","DisabledByUser","2026-03-16 15:41"
"MBA-FIN-FDUZBE","Disabled","Active","N/A","Disabled","Enabled","AllBlocked","BlockedByProfile","2026-03-14 07:57"
"MINI-ENG-GEEZZI","Enabled","Configured","NoiCloudAccount","Enabled","Enabled","Available","BlockedByProfile","2026-03-16 22:07"
"STUDIO-IT-SPVPVD","BlockedByProfile","BlockedByProfile","N/A","BlockedByProfile","Enabled","Available","DisabledByUser","2026-03-18 00:47"
"IMAC-ENG-PKLJWV","N/A","BlockedByProfile","LikelyEnabled","BlockedByProfile","Enabled","PartiallyManaged","DisabledByUser","2026-03-13 23:18"
"STUDIO-HR-OOERXS","Enabled","N/A","LikelyEnabled","Disabled","Unknown","N/A","DisabledByUser","2026-03-06 11:01"
"IMAC-ENG-WRJJYP","Disabled","BlockedByProfile","LikelyEnabled","Disabled","Enabled","AllBlocked","Enabled","2026-03-15 05:03"
"IMAC-MKT-KCLGVG","Enabled","Configured","BlockedByProfile","Disabled","Enabled","Available","BlockedByProfile","2026-03-09 18:06"
"MINI-FIN-OWNFQF","N/A","BlockedByProfile","LikelyEnabled","BlockedByProfile","Enabled","Available","Enabled","2026-03-10 16:07"
"STUDIO-ENG-FEJHQD","N/A","N/A","BlockedByProfile","BlockedByProfile","Enabled","AllBlocked","Enabled","2026-03-17 13:26"
"MBA-ENG-GBQCSB","Enabled","Active","NoiCloudAccount","Enabled","BlockedByProfile","Available","Unknown","2026-03-07 08:30"
"MAC-LEGAL-TAQGKB","Enabled","Inactive","BlockedByProfile","Enabled","Enabled","PartiallyManaged","BlockedByProfile","2026-03-13 09:29"
"MBP-SEC-NTDGZG","BlockedByProfile","BlockedByProfile","LikelyEnabled","BlockedByProfile","Enabled","PartiallyManaged","DisabledByUser","2026-03-13 17:55"
"MBA-ENG-DKEYPF","Disabled","Active","LikelyEnabled","BlockedByProfile","Enabled","N/A","DisabledByUser","2026-03-09 00:29"
"STUDIO-IT-AEJYYU","Disabled","BlockedByProfile","LikelyEnabled","BlockedByProfile","Enabled","Available","DisabledByUser","2026-03-09 11:01"
"MBA-ENG-CIPRWY","BlockedByProfile","Active","LikelyEnabled","BlockedByProfile","BlockedByProfile","Available","Enabled","2026-03-07 09:51"
"IMAC-MKT-ZONFYR","Enabled","Active","LikelyEnabled","N/A","DisabledByUser","AllBlocked","BlockedByProfile","2026-03-12 19:32"
"MBP-LEGAL-DEDMXU","Enabled","Active","LikelyEnabled","Enabled","Enabled","Available","DisabledByUser","2026-03-15 10:57"
"MAC-LEGAL-DTENCY","BlockedByProfile","Active","LikelyEnabled","BlockedByProfile","Enabled","Available","BlockedByProfile","2026-03-17 08:54"
"IMAC-SEC-NOCLEF","BlockedByProfile","BlockedByProfile","LikelyEnabled","BlockedByProfile","Enabled","AllBlocked","DisabledByUser","2026-03-11 10:17"
"MBP-HR-BEUJKG","Enabled","Inactive","LikelyEnabled","BlockedByProfile","Enabled","AllBlocked","Enabled","2026-03-14 09:49"
"MBA-SEC-YNFMEV","Enabled","Configured","LikelyEnabled","Enabled","Enabled","AllBlocked","Enabled","2026-03-19 03:41"
"IMAC-SEC-JHSCQT","Disabled","BlockedByProfile","NoiCloudAccount","Disabled","Enabled","AllBlocked","Enabled","2026-03-13 17:11"
"IMAC-FIN-CEHUNC","BlockedByProfile","Active","LikelyEnabled","Enabled","Enabled","AllBlocked","BlockedByProfile","2026-03-16 03:49"
"MAC-SEC-KNOJOU","Enabled","Active","NoiCloudAccount","Enabled","BlockedByProfile","Available","DisabledByUser","2026-03-13 14:06"
"IMAC-DEV-VDYSFW","BlockedByProfile","Active","N/A","Enabled","Enabled","N/A","BlockedByProfile","2026-03-19 12:33"
"IMAC-SEC-ZRGARA","BlockedByProfile","Inactive","LikelyEnabled","BlockedByProfile","DisabledByUser","Available","DisabledByUser","2026-03-19 23:18"
"MBP-SEC-CKCIXU","BlockedByProfile","BlockedByProfile","BlockedByProfile","Enabled","BlockedByProfile","AllBlocked","Unknown","2026-03-13 00:16"
"IMAC-SEC-PDHGBY","Enabled","Active","BlockedByProfile","BlockedByProfile","Enabled","PartiallyManaged","DisabledByUser","2026-03-16 18:10"
"MINI-HR-RHOBWT","BlockedByProfile","Active","BlockedByProfile","Enabled","Enabled","PartiallyManaged","Enabled","2026-03-18 22:06"
"IMAC-EXEC-VYPYGR","BlockedByProfile","Active","N/A","Disabled","DisabledByUser","Available","Enabled","2026-03-12 17:35"
"MINI-HR-NIFNSL","BlockedByProfile","N/A","NoiCloudAccount","N/A","Enabled","PartiallyManaged","BlockedByProfile","2026-03-16 05:33"
"MAC-FIN-GTYJNB","Enabled","BlockedByProfile","NoiCloudAccount","Enabled","Enabled","AllBlocked","BlockedByProfile","2026-03-14 09:26"
"STUDIO-EXEC-QOHTJM","Enabled","Active","LikelyEnabled","N/A","Enabled","PartiallyManaged","Unknown","2026-03-11 14:07"
"IMAC-DEV-VJHXBF","Disabled","Configured","N/A","Disabled","Enabled","PartiallyManaged","Unknown","2026-03-14 21:04"
"MAC-MKT-XMBCJK","Disabled","Inactive","LikelyEnabled","Disabled","BlockedByProfile","AllBlocked","Enabled","2026-03-20 09:20"
"MAC-OPS-YKYKBE","Enabled","Active","LikelyEnabled","Disabled","DisabledByUser","N/A","DisabledByUser","2026-03-16 17:13"
"MINI-HR-WASMYI","BlockedByProfile","N/A","LikelyEnabled","Enabled","Enabled","Available","DisabledByUser","2026-03-17 07:24"
"MAC-FIN-ENECFS","Enabled","Inactive","LikelyEnabled","BlockedByProfile","BlockedByProfile","AllBlocked","Enabled","2026-03-09 00:59"
"IMAC-IT-THOFNK","Enabled","Configured","BlockedByProfile","N/A","DisabledByUser","Available","Enabled","2026-03-09 04:14"
"MAC-MKT-DGTCPC","Disabled","N/A","BlockedByProfile","Disabled","DisabledByUser","Available","DisabledByUser","2026-03-12 19:12"
"IMAC-LEGAL-OAFYQY","Disabled","Active","LikelyEnabled","Enabled","Enabled","Available","BlockedByProfile","2026-03-14 15:33"
"MINI-EXEC-ODWFKL","Disabled","Active","BlockedByProfile","Disabled","Enabled","Available","DisabledByUser","2026-03-11 05:34"
"STUDIO-MKT-LKOAPJ","Enabled","Active","LikelyEnabled","Enabled","BlockedByProfile","PartiallyManaged","Enabled","2026-03-10 21:25"
"MBA-DEV-YCUWXE","Disabled","Inactive","NoiCloudAccount","Enabled","DisabledByUser","PartiallyManaged","DisabledByUser","2026-03-10 10:23"
"MINI-DEV-TYESXL","BlockedByProfile","Active","NoiCloudAccount","Enabled","BlockedByProfile","AllBlocked","Enabled","2026-03-20 04:55"
"MINI-IT-EKKIYX","Enabled","Active","NoiCloudAccount","N/A","Enabled","Available","BlockedByProfile","2026-03-13 07:30"
"MBA-MKT-JNCGYC","Disabled","Active","NoiCloudAccount","Enabled","DisabledByUser","PartiallyManaged","Unknown","2026-03-12 09:35"
"STUDIO-ENG-GHVQAR","Disabled","N/A","LikelyEnabled","Disabled","DisabledByUser","AllBlocked","Enabled","2026-03-11 17:35"
"MBP-IT-ZWFKDD","Disabled","Active","BlockedByProfile","Enabled","BlockedByProfile","AllBlocked","DisabledByUser","2026-03-15 17:18"
"STUDIO-ENG-BZQUHV","BlockedByProfile","Active","LikelyEnabled","Enabled","DisabledByUser","N/A","BlockedByProfile","2026-03-11 05:47"
"MBP-DEV-KJGVVO","BlockedByProfile","Active","LikelyEnabled","Enabled","DisabledByUser","N/A","Enabled","2026-03-19 06:09"
"IMAC-MKT-IMTOEW","BlockedByProfile","N/A","BlockedByProfile","BlockedByProfile","Enabled","PartiallyManaged","BlockedByProfile","2026-03-07 10:28"
"IMAC-SEC-HTHMIN","Enabled","BlockedByProfile","LikelyEnabled","N/A","DisabledByUser","AllBlocked","BlockedByProfile","2026-03-13 12:01"
"MINI-MKT-VQKPIV","Disabled","Active","LikelyEnabled","Enabled","DisabledByUser","PartiallyManaged","Enabled","2026-03-11 22:42"
"MAC-EXEC-PFKOQC","BlockedByProfile","N/A","NoiCloudAccount","Disabled","Enabled","N/A","Enabled","2026-03-17 22:43"
"IMAC-MKT-XCZSPR","Enabled","Active","LikelyEnabled","N/A","BlockedByProfile","Available","Enabled","2026-03-20 08:27"
"IMAC-SEC-JREBJH","Enabled","Active","NoiCloudAccount","BlockedByProfile","DisabledByUser","Available","Enabled","2026-03-15 15:05"
"STUDIO-MKT-CLWKCL","Enabled","Active","LikelyEnabled","Disabled","DisabledByUser","Available","Enabled","2026-03-07 05:50"
"MBP-MKT-OUYXKF","Disabled","Inactive","NoiCloudAccount","N/A","Enabled","N/A","BlockedByProfile","2026-03-07 11:02"
"MINI-HR-PQJYJT","Enabled","Active","BlockedByProfile","Disabled","Enabled","PartiallyManaged","BlockedByProfile","2026-03-15 05:44"
"MBA-LEGAL-MKUDAS","Disabled","Configured","NoiCloudAccount","Enabled","BlockedByProfile","AllBlocked","Enabled","2026-03-11 16:56"
"MAC-DEV-XBHKRA","BlockedByProfile","Inactive","LikelyEnabled","Enabled","BlockedByProfile","Available","Unknown","2026-03-13 22:10"
"MINI-LEGAL-YNTVDF","Disabled","Active","BlockedByProfile","Enabled","BlockedByProfile","Available","DisabledByUser","2026-03-15 20:58"
"MINI-MKT-EJPUKS","Enabled","Active","NoiCloudAccount","Enabled","Enabled","PartiallyManaged","Enabled","2026-03-17 09:01"
"IMAC-IT-AZFJDF","Disabled","BlockedByProfile","NoiCloudAccount","Enabled","Enabled","PartiallyManaged","Enabled","2026-03-16 12:24"
"IMAC-MKT-JBQJSX","Enabled","N/A","NoiCloudAccount","Enabled","Enabled","AllBlocked","DisabledByUser","2026-03-20 07:12"
"MBP-ENG-GBXPFH","Disabled","Active","NoiCloudAccount","BlockedByProfile","DisabledByUser","Available","DisabledByUser","2026-03-10 14:36"
"MINI-OPS-LZFDTM","N/A","Active","LikelyEnabled","Enabled","Enabled","AllBlocked","Enabled","2026-03-20 07:13"
"STUDIO-LEGAL-LVTYQG","Disabled","BlockedByProfile","NoiCloudAccount","BlockedByProfile","DisabledByUser","PartiallyManaged","Enabled","2026-03-15 17:54"
"IMAC-OPS-WXEVUT","BlockedByProfile","Active","NoiCloudAccount","Disabled","Enabled","N/A","BlockedByProfile","2026-03-19 18:53"
"IMAC-EXEC-XUMWFT","Disabled","Active","NoiCloudAccount","Enabled","BlockedByProfile","AllBlocked","BlockedByProfile","2026-03-07 08:18"
"MAC-ENG-SRLJRJ","Enabled","Active","LikelyEnabled","Enabled","Enabled","N/A","DisabledByUser","2026-03-18 07:10"
"MBP-MKT-ZIXNSM","BlockedByProfile","Configured","LikelyEnabled","Disabled","Enabled","Available","BlockedByProfile","2026-03-11 01:49"
"IMAC-HR-FPJQSF","BlockedByProfile","Active","BlockedByProfile","Enabled","Enabled","Available","Enabled","2026-03-12 01:32"
"MAC-OPS-KVODNU","Disabled","Active","BlockedByProfile","N/A","Unknown","Available","Enabled","2026-03-18 21:02"
"MBP-EXEC-KFMQDJ","Disabled","N/A","BlockedByProfile","Disabled","Enabled","Available","Enabled","2026-03-14 02:45"
"MINI-IT-YYHQCF","Enabled","BlockedByProfile","BlockedByProfile","Enabled","BlockedByProfile","N/A","DisabledByUser","2026-03-10 01:35"
"MBP-DEV-TRXGKT","Disabled","Active","NoiCloudAccount","Disabled","Enabled","N/A","Enabled","2026-03-19 20:15"
"STUDIO-EXEC-TYMUKC","BlockedByProfile","Active","BlockedByProfile","Enabled","Enabled","PartiallyManaged","DisabledByUser","2026-03-13 14:07"
"MINI-LEGAL-PIIWVY","Disabled","Configured","BlockedByProfile","Enabled","Enabled","Available","Enabled","2026-03-10 14:20"
"MAC-FIN-TSCQOT","Enabled","Active","LikelyEnabled","Enabled","Enabled","Available","Enabled","2026-03-17 19:49"
"MBP-EXEC-XTINTZ","Enabled","Inactive","LikelyEnabled","Enabled","DisabledByUser","N/A","DisabledByUser","2026-03-16 01:31"
"STUDIO-ENG-TJSTUA","Enabled","Inactive","NoiCloudAccount","BlockedByProfile","Enabled","N/A","DisabledByUser","2026-03-11 20:53"
"MAC-ENG-WFUEVZ","Disabled","N/A","NoiCloudAccount","Enabled","Enabled","Available","BlockedByProfile","2026-03-12 15:47"
"IMAC-HR-MQEBNN","Disabled","Active","LikelyEnabled","Enabled","DisabledByUser","PartiallyManaged","Enabled","2026-03-16 18:22"
"MAC-IT-XRKNUW","N/A","Active","LikelyEnabled","Disabled","BlockedByProfile","Available","Enabled","2026-03-16 21:52"
"MINI-SEC-CKYOXJ","BlockedByProfile","Active","BlockedByProfile","Enabled","DisabledByUser","PartiallyManaged","DisabledByUser","2026-03-14 05:17"
"MBP-EXEC-QZENSF","Disabled","BlockedByProfile","LikelyEnabled","Enabled","Enabled","Available","Enabled","2026-03-08 18:24"
"MAC-OPS-YFILLV","BlockedByProfile","Inactive","LikelyEnabled","Disabled","Enabled","N/A","BlockedByProfile","2026-03-08 14:55"
"STUDIO-DEV-YBBHGM","Enabled","Active","LikelyEnabled","Enabled","Enabled","PartiallyManaged","Enabled","2026-03-14 08:55"
"MAC-MKT-GXHUOG","Enabled","BlockedByProfile","LikelyEnabled","Enabled","Enabled","AllBlocked","BlockedByProfile","2026-03-16 22:38"
"MAC-MKT-OGNUJQ","Enabled","Active","LikelyEnabled","N/A","Unknown","Available","Enabled","2026-03-16 13:28"
"MBA-EXEC-DTEJAF","Disabled","BlockedByProfile","LikelyEnabled","Disabled","Enabled","N/A","DisabledByUser","2026-03-07 10:54"
"MBA-SEC-LUSPFJ","BlockedByProfile","N/A","BlockedByProfile","Disabled","BlockedByProfile","PartiallyManaged","DisabledByUser","2026-03-06 21:13"
"MINI-HR-OGPJZA","Disabled","BlockedByProfile","BlockedByProfile","BlockedByProfile","Unknown","PartiallyManaged","DisabledByUser","2026-03-18 15:14"
"MBA-ENG-HFTOQX","BlockedByProfile","Active","BlockedByProfile","BlockedByProfile","Enabled","Available","Enabled","2026-03-20 06:19"
"MINI-MKT-VPCPGD","Disabled","Active","NoiCloudAccount","N/A","Enabled","N/A","Enabled","2026-03-12 08:12"
"MAC-LEGAL-PYEFZR","N/A","Active","LikelyEnabled","Enabled","Enabled","AllBlocked","Unknown","2026-03-10 04:32"
"MBP-DEV-LURFBF","Disabled","BlockedByProfile","NoiCloudAccount","Disabled","Enabled","Available","Enabled","2026-03-18 09:28"
"STUDIO-OPS-QKPHWQ","N/A","N/A","NoiCloudAccount","Enabled","Enabled","Available","Enabled","2026-03-19 12:02"
"MBP-FIN-IAYLWA","Disabled","Inactive","NoiCloudAccount","Enabled","Unknown","Available","Enabled","2026-03-10 02:15"
"MBA-DEV-FDPOWA","Disabled","Active","NoiCloudAccount","Enabled","Enabled","Available","Enabled","2026-03-19 23:20"
"MINI-OPS-HPDYGL","Enabled","Inactive","NoiCloudAccount","Disabled","Enabled","Available","BlockedByProfile","2026-03-11 17:37"
"MBA-FIN-WWOULI","BlockedByProfile","Active","N/A","Disabled","Enabled","AllBlocked","BlockedByProfile","2026-03-06 23:25"
"STUDIO-SEC-USHDRM","Disabled","N/A","LikelyEnabled","Enabled","Enabled","Available","Enabled","2026-03-07 18:50"
"MBA-FIN-KCOILM","N/A","Active","LikelyEnabled","N/A","Enabled","AllBlocked","Enabled","2026-03-17 14:45"
"STUDIO-ENG-LMDFLR","Enabled","BlockedByProfile","LikelyEnabled","BlockedByProfile","BlockedByProfile","AllBlocked","Enabled","2026-03-09 01:26"
"MAC-FIN-UYPIWS","Disabled","Active","BlockedByProfile","BlockedByProfile","Enabled","Available","DisabledByUser","2026-03-12 15:35"
"IMAC-MKT-ZKMLKP","Disabled","Inactive","LikelyEnabled","N/A","Enabled","PartiallyManaged","Enabled","2026-03-13 04:12"
"MAC-ENG-GRFDBX","Enabled","N/A","LikelyEnabled","Disabled","Enabled","Available","Enabled","2026-03-15 22:55"
"IMAC-OPS-RNTXUJ","Disabled","Active","LikelyEnabled","Enabled","Enabled","AllBlocked","Unknown","2026-03-10 07:58"
"MAC-ENG-NWBGDV","BlockedByProfile","BlockedByProfile","NoiCloudAccount","Enabled","Enabled","N/A","DisabledByUser","2026-03-16 04:16"
"MAC-HR-NWNISL","Enabled","N/A","NoiCloudAccount","BlockedByProfile","Enabled","Available","DisabledByUser","2026-03-09 07:28"
"MAC-IT-QFVQFV","Enabled","Inactive","BlockedByProfile","N/A","DisabledByUser","AllBlocked","Enabled","2026-03-14 16:08"
"MINI-SEC-IORQQF","BlockedByProfile","Inactive","LikelyEnabled","BlockedByProfile","Enabled","Available","Enabled","2026-03-06 17:15"
"MBP-SEC-PCYNTU","Disabled","Active","BlockedByProfile","Enabled","Enabled","PartiallyManaged","Enabled","2026-03-07 17:00"
"MBP-ENG-DGWKAH","Enabled","Inactive","BlockedByProfile","Enabled","Enabled","Available","Enabled","2026-03-07 09:45"
"STUDIO-SEC-NXRUMT","BlockedByProfile","Inactive","NoiCloudAccount","N/A","DisabledByUser","Available","Enabled","2026-03-13 18:47"
"MINI-FIN-GQUNJV","Enabled","Active","BlockedByProfile","Enabled","Enabled","Available","Enabled","2026-03-07 19:08"
"IMAC-MKT-MHQXHJ","Disabled","Configured","LikelyEnabled","Enabled","Enabled","Available","BlockedByProfile","2026-03-16 17:12"
"MBP-OPS-CTTZPD","BlockedByProfile","Inactive","LikelyEnabled","Enabled","BlockedByProfile","PartiallyManaged","BlockedByProfile","2026-03-18 02:18"
"MBA-EXEC-CERAEJ","Enabled","BlockedByProfile","LikelyEnabled","N/A","Enabled","Available","BlockedByProfile","2026-03-08 13:04"
"MBP-FIN-BUQFFW","Disabled","BlockedByProfile","LikelyEnabled","Enabled","Enabled","Available","Enabled","2026-03-18 13:20"
"MBP-EXEC-VWAEWU","BlockedByProfile","Active","BlockedByProfile","Enabled","Enabled","Available","Enabled","2026-03-07 22:19"
"IMAC-SEC-WNOXIE","Disabled","N/A","NoiCloudAccount","Enabled","BlockedByProfile","Available","BlockedByProfile","2026-03-17 22:08"
"STUDIO-FIN-DFMDYV","BlockedByProfile","Active","BlockedByProfile","N/A","Enabled","AllBlocked","Enabled","2026-03-08 07:53"
"MBA-IT-UWPGSV","BlockedByProfile","BlockedByProfile","LikelyEnabled","N/A","Enabled","AllBlocked","Enabled","2026-03-19 22:51"
"MINI-ENG-CIICHC","Enabled","Active","LikelyEnabled","Enabled","BlockedByProfile","Available","BlockedByProfile","2026-03-08 07:10"
"MBA-OPS-MOGAQE","Enabled","Active","LikelyEnabled","Disabled","Enabled","Available","DisabledByUser","2026-03-16 07:36"
"MBA-MKT-AUMIEX","Disabled","Active","NoiCloudAccount","Disabled","Enabled","N/A","DisabledByUser","2026-03-17 10:45"
"MBP-IT-SHHIOH","Disabled","Active","NoiCloudAccount","N/A","DisabledByUser","AllBlocked","Unknown","2026-03-20 05:55"
"MAC-HR-PQDIHZ","Disabled","N/A","NoiCloudAccount","BlockedByProfile","Enabled","Available","Enabled","2026-03-19 15:09"
"IMAC-FIN-GPBLXC","Enabled","Configured","LikelyEnabled","Disabled","Enabled","Available","BlockedByProfile","2026-03-19 10:14"
"MBA-DEV-AJRTSR","Disabled","N/A","LikelyEnabled","Disabled","DisabledByUser","Available","Enabled","2026-03-11 18:04"
"MBA-EXEC-VIVCJN","Disabled","BlockedByProfile","LikelyEnabled","Enabled","Enabled","Available","Enabled","2026-03-18 00:10"
"IMAC-DEV-YZGKKB","Enabled","BlockedByProfile","BlockedByProfile","BlockedByProfile","Enabled","Available","DisabledByUser","2026-03-07 11:05"
"MINI-SEC-VVUFZG","Disabled","Active","LikelyEnabled","Enabled","Enabled","N/A","BlockedByProfile","2026-03-14 06:27"
"STUDIO-SEC-OSVJZQ","BlockedByProfile","Active","BlockedByProfile","Enabled","Enabled","Available","Enabled","2026-03-10 10:48"
"MAC-HR-BHWJMF","Disabled","Active","LikelyEnabled","BlockedByProfile","Enabled","Available","Enabled","2026-03-20 02:37"
"MAC-SEC-YQSAWU","Enabled","Active","LikelyEnabled","Disabled","Enabled","Available","Enabled","2026-03-19 03:13"
"MBA-OPS-VBCUFY","BlockedByProfile","Active","LikelyEnabled","Enabled","Enabled","Available","DisabledByUser","2026-03-19 22:08"
"MINI-MKT-CWAIHH","Disabled","Active","NoiCloudAccount","Enabled","BlockedByProfile","AllBlocked","DisabledByUser","2026-03-14 10:03"
"MINI-DEV-YPQAOD","BlockedByProfile","BlockedByProfile","LikelyEnabled","Enabled","Enabled","AllBlocked","DisabledByUser","2026-03-15 21:18"
"MBP-SEC-BLIGXU","Disabled","Active","BlockedByProfile","Enabled","Enabled","AllBlocked","DisabledByUser","2026-03-13 12:53"
"IMAC-HR-LSHIQH","BlockedByProfile","BlockedByProfile","LikelyEnabled","Enabled","Enabled","PartiallyManaged","BlockedByProfile","2026-03-07 11:55"
"MAC-SEC-KKTFZM","Enabled","BlockedByProfile","NoiCloudAccount","BlockedByProfile","Enabled","Available","DisabledByUser","2026-03-11 15:41"
"MBA-LEGAL-KWSZXU","BlockedByProfile","N/A","LikelyEnabled","Disabled","Enabled","PartiallyManaged","BlockedByProfile","2026-03-18 10:18"
"IMAC-FIN-RFUCZW","Disabled","Active","LikelyEnabled","Disabled","Enabled","N/A","DisabledByUser","2026-03-11 06:06"
"MINI-DEV-RVKODP","Enabled","Active","BlockedByProfile","Enabled","DisabledByUser","Available","Unknown","2026-03-14 11:38"
"MAC-MKT-GIFTYH","Enabled","BlockedByProfile","LikelyEnabled","Disabled","Enabled","Available","Unknown","2026-03-08 19:37"
"MBA-EXEC-HTZYXM","BlockedByProfile","Active","LikelyEnabled","BlockedByProfile","Enabled","AllBlocked","Enabled","2026-03-17 04:22"
"MBP-SEC-INSBZA","Disabled","Active","N/A","N/A","Enabled","Available","DisabledByUser","2026-03-15 15:54"
"IMAC-FIN-YUSSEK","Disabled","Inactive","BlockedByProfile","Enabled","Enabled","AllBlocked","Enabled","2026-03-09 23:56"
"MBA-MKT-LPGHBE","BlockedByProfile","N/A","LikelyEnabled","BlockedByProfile","DisabledByUser","Available","Enabled","2026-03-12 21:21"
"MINI-IT-INSUAO","Disabled","Active","BlockedByProfile","Enabled","Enabled","N/A","Enabled","2026-03-12 17:42"
"MBA-OPS-LUWZLY","Disabled","Active","LikelyEnabled","Disabled","BlockedByProfile","Available","Enabled","2026-03-16 02:11"
"MINI-HR-YOGUZE","Disabled","Active","LikelyEnabled","Enabled","Enabled","PartiallyManaged","Enabled","2026-03-18 17:39"
"MINI-HR-CPSJKW","Disabled","Configured","LikelyEnabled","Disabled","BlockedByProfile","N/A","DisabledByUser","2026-03-14 00:51"
"MBP-DEV-HHAHEH","Enabled","Configured","LikelyEnabled","Enabled","Enabled","Available","DisabledByUser","2026-03-12 05:07"
"MBP-FIN-UUMCMW","BlockedByProfile","Active","BlockedByProfile","Enabled","Enabled","AllBlocked","Unknown","2026-03-09 11:00"
"MAC-SEC-HRAPQB","Disabled","Active","LikelyEnabled","Disabled","Enabled","PartiallyManaged","DisabledByUser","2026-03-19 18:13"
"IMAC-OPS-NMLLIE","Enabled","Configured","NoiCloudAccount","Disabled","Enabled","N/A","DisabledByUser","2026-03-09 18:09"
"STUDIO-SEC-XGASWR","Disabled","Inactive","LikelyEnabled","Enabled","BlockedByProfile","PartiallyManaged","Unknown","2026-03-19 16:05"
"MINI-ENG-GBUZIX","BlockedByProfile","BlockedByProfile","BlockedByProfile","Enabled","DisabledByUser","Available","Enabled","2026-03-13 18:33"
"MAC-HR-VXSLYT","BlockedByProfile","Configured","NoiCloudAccount","Disabled","Enabled","AllBlocked","DisabledByUser","2026-03-12 08:29"
"MBA-OPS-HRHEKG","BlockedByProfile","Active","LikelyEnabled","Disabled","DisabledByUser","PartiallyManaged","Enabled","2026-03-12 16:19"
"MBA-OPS-OIAVKA","BlockedByProfile","Configured","LikelyEnabled","Enabled","Enabled","N/A","DisabledByUser","2026-03-06 17:49"
"STUDIO-HR-CVYOAD","Enabled","Inactive","LikelyEnabled","BlockedByProfile","Enabled","N/A","BlockedByProfile","2026-03-18 23:38"
"MINI-IT-YVQBHV","Enabled","Inactive","NoiCloudAccount","Enabled","Enabled","Available","BlockedByProfile","2026-03-07 19:41"
"MBP-SEC-HCHKMI","BlockedByProfile","Active","NoiCloudAccount","N/A","DisabledByUser","Available","Enabled","2026-03-09 12:18"
"MBA-DEV-GNESYZ","Enabled","Active","LikelyEnabled","Disabled","DisabledByUser","N/A","BlockedByProfile","2026-03-12 23:57"
"MBP-MKT-OLPOJA","Enabled","Inactive","N/A","Enabled","Enabled","Available","BlockedByProfile","2026-03-14 09:42"
"IMAC-ENG-WWMYVJ","Disabled","Active","BlockedByProfile","Enabled","Enabled","AllBlocked","Unknown","2026-03-12 17:15"
"MBP-MKT-HVRBGM","Disabled","Active","LikelyEnabled","Disabled","BlockedByProfile","N/A","Enabled","2026-03-17 22:32"
"IMAC-ENG-UOOYRV","BlockedByProfile","N/A","BlockedByProfile","BlockedByProfile","BlockedByProfile","Available","DisabledByUser","2026-03-17 11:30"
"STUDIO-SEC-RWQTVX","Enabled","Configured","LikelyEnabled","Enabled","Enabled","Available","DisabledByUser","2026-03-11 17:58"
"IMAC-SEC-ECFUSB","Enabled","Active","LikelyEnabled","N/A","Unknown","AllBlocked","Enabled","2026-03-11 17:42"
"MBA-DEV-DIUJWK","Enabled","BlockedByProfile","LikelyEnabled","Enabled","Enabled","Available","Enabled","2026-03-09 03:44"
"MBP-EXEC-DZGAAX","BlockedByProfile","Active","LikelyEnabled","Enabled","Enabled","AllBlocked","Enabled","2026-03-16 01:59"
"MBP-ENG-DNPDVW","BlockedByProfile","BlockedByProfile","LikelyEnabled","Enabled","DisabledByUser","Available","BlockedByProfile","2026-03-07 05:57"
"MBP-ENG-KRLJDO","Disabled","Active","LikelyEnabled","Disabled","BlockedByProfile","AllBlocked","DisabledByUser","2026-03-14 01:06"
"MINI-IT-CUAULI","Enabled","BlockedByProfile","LikelyEnabled","Enabled","BlockedByProfile","N/A","Unknown","2026-03-06 14:28"
"MBP-ENG-GEISDS","Enabled","BlockedByProfile","LikelyEnabled","Enabled","Enabled","Available","Enabled","2026-03-08 04:32"
"IMAC-MKT-QVLKVW","Enabled","Active","LikelyEnabled","Enabled","DisabledByUser","Available","Enabled","2026-03-08 13:09"
"MINI-SEC-MWVUCA","Enabled","N/A","BlockedByProfile","Enabled","DisabledByUser","PartiallyManaged","DisabledByUser","2026-03-18 10:22"
"STUDIO-ENG-YWYNTM","Disabled","Active","NoiCloudAccount","Disabled","Enabled","Available","Enabled","2026-03-13 06:44"
"IMAC-EXEC-IDWOOZ","Enabled","N/A","LikelyEnabled","Enabled","DisabledByUser","N/A","DisabledByUser","2026-03-20 03:26"
"MINI-HR-ZLHVFG","BlockedByProfile","Active","BlockedByProfile","Enabled","BlockedByProfile","AllBlocked","Enabled","2026-03-13 08:39"
"MAC-DEV-LAUSSI","Disabled","N/A","NoiCloudAccount","Enabled","Enabled","N/A","Enabled","2026-03-09 15:52"
"MBP-IT-AGNNKM","Enabled","BlockedByProfile","NoiCloudAccount","Enabled","Enabled","PartiallyManaged","DisabledByUser","2026-03-18 17:58"
"STUDIO-LEGAL-VVHFIX","BlockedByProfile","Active","LikelyEnabled","Enabled","Enabled","Available","Unknown","2026-03-18 14:49"
"MAC-MKT-NVVCML","Disabled","BlockedByProfile","NoiCloudAccount","Disabled","Enabled","PartiallyManaged","Enabled","2026-03-19 04:04"
"STUDIO-DEV-VNIOWE","Enabled","BlockedByProfile","LikelyEnabled","Disabled","Enabled","PartiallyManaged","Enabled","2026-03-17 15:45"
"MINI-MKT-GLGGKW","BlockedByProfile","Active","BlockedByProfile","BlockedByProfile","BlockedByProfile","AllBlocked","Enabled","2026-03-20 04:51"
"IMAC-DEV-ZRPHOJ","BlockedByProfile","N/A","NoiCloudAccount","Disabled","Enabled","Available","Enabled","2026-03-11 13:35"
"MBP-DEV-WTWNNS","BlockedByProfile","Configured","BlockedByProfile","Enabled","Enabled","Available","Enabled","2026-03-07 21:59"
"MBP-DEV-PBFAYE","Disabled","Configured","BlockedByProfile","Enabled","DisabledByUser","PartiallyManaged","Enabled","2026-03-10 03:21"
"MBP-HR-IXSLHZ","BlockedByProfile","Active","NoiCloudAccount","BlockedByProfile","BlockedByProfile","PartiallyManaged","DisabledByUser","2026-03-13 17:24"
"MINI-ENG-IBGIMY","Enabled","Active","LikelyEnabled","Enabled","BlockedByProfile","Available","BlockedByProfile","2026-03-13 06:54"
"STUDIO-MKT-MDEIKL","N/A","Active","LikelyEnabled","Enabled","DisabledByUser","AllBlocked","BlockedByProfile","2026-03-16 09:53"
"MBP-HR-IGYRXT","BlockedByProfile","Inactive","NoiCloudAccount","Disabled","Enabled","AllBlocked","DisabledByUser","2026-03-11 23:39"
"STUDIO-EXEC-UDLYKA","Enabled","Active","LikelyEnabled","Disabled","Enabled","AllBlocked","Enabled","2026-03-15 10:59"
"STUDIO-DEV-XLUQTA","Disabled","BlockedByProfile","BlockedByProfile","BlockedByProfile","DisabledByUser","Available","BlockedByProfile","2026-03-06 14:45"
"MAC-IT-SMNZUW","Enabled","Active","LikelyEnabled","N/A","Enabled","AllBlocked","Enabled","2026-03-18 15:45"
"MAC-FIN-DAXGHK","Enabled","Active","BlockedByProfile","N/A","Enabled","AllBlocked","Enabled","2026-03-12 15:14"
"MINI-IT-FHILUJ","N/A","N/A","N/A","Enabled","DisabledByUser","N/A","DisabledByUser","2026-03-17 16:57"
"MINI-EXEC-WYZZLU","BlockedByProfile","Active","LikelyEnabled","Enabled","Enabled","AllBlocked","Unknown","2026-03-18 13:16"
"MBP-EXEC-UEEXRQ","Disabled","BlockedByProfile","LikelyEnabled","Enabled","Unknown","Available","Unknown","2026-03-12 09:29"
"MBP-LEGAL-LVSRCZ","BlockedByProfile","N/A","LikelyEnabled","Enabled","BlockedByProfile","PartiallyManaged","Unknown","2026-03-13 22:16"
"MINI-DEV-TTZEID","N/A","Inactive","NoiCloudAccount","Enabled","Unknown","PartiallyManaged","DisabledByUser","2026-03-16 07:22"
"MINI-MKT-KVUVEM","Disabled","N/A","N/A","Enabled","BlockedByProfile","PartiallyManaged","BlockedByProfile","2026-03-14 21:12"
"MAC-IT-TJGUSY","BlockedByProfile","BlockedByProfile","LikelyEnabled","Enabled","Enabled","AllBlocked","DisabledByUser","2026-03-07 06:55"
"MBP-FIN-FUJRTC","Enabled","BlockedByProfile","LikelyEnabled","Disabled","Enabled","PartiallyManaged","DisabledByUser","2026-03-18 14:31"
"STUDIO-EXEC-PCVOUD","Disabled","Active","NoiCloudAccount","N/A","Enabled","AllBlocked","BlockedByProfile","2026-03-15 17:53"
"MINI-SEC-ASNKKC","Enabled","Inactive","LikelyEnabled","BlockedByProfile","Unknown","Available","BlockedByProfile","2026-03-10 16:27"
"MINI-SEC-KOXGNC","Disabled","Active","LikelyEnabled","BlockedByProfile","Enabled","Available","Enabled","2026-03-20 03:04"
"MAC-SEC-FCQZTG","Disabled","N/A","BlockedByProfile","Disabled","Enabled","Available","Unknown","2026-03-13 06:55"
"MBA-OPS-VLIMAY","BlockedByProfile","Inactive","LikelyEnabled","Enabled","Enabled","AllBlocked","BlockedByProfile","2026-03-13 02:05"
"MBP-ENG-NRLCBI","Disabled","BlockedByProfile","BlockedByProfile","Enabled","BlockedByProfile","AllBlocked","Enabled","2026-03-15 22:44"
"MBP-EXEC-NJLPRN","Enabled","Active","BlockedByProfile","Disabled","Enabled","AllBlocked","DisabledByUser","2026-03-16 18:12"
"MAC-IT-MFAMFC","BlockedByProfile","N/A","NoiCloudAccount","BlockedByProfile","BlockedByProfile","N/A","DisabledByUser","2026-03-17 10:40"
"MINI-ENG-UAFQRV","Disabled","Active","BlockedByProfile","Enabled","Enabled","PartiallyManaged","Enabled","2026-03-19 19:22"
"STUDIO-LEGAL-SHVNIQ","Enabled","Active","NoiCloudAccount","BlockedByProfile","Enabled","PartiallyManaged","BlockedByProfile","2026-03-14 05:39"
"MAC-ENG-PQPTKC","Disabled","Active","NoiCloudAccount","N/A","Enabled","PartiallyManaged","Enabled","2026-03-13 22:57"
"STUDIO-OPS-XIXIFC","N/A","Active","LikelyEnabled","Disabled","BlockedByProfile","PartiallyManaged","BlockedByProfile","2026-03-19 01:38"
"MINI-SEC-KWLRMJ","Disabled","Active","LikelyEnabled","Disabled","DisabledByUser","PartiallyManaged","DisabledByUser","2026-03-18 07:35"
"MAC-LEGAL-EITWLQ","Disabled","Configured","LikelyEnabled","BlockedByProfile","DisabledByUser","PartiallyManaged","Unknown","2026-03-15 06:07"
"MBP-MKT-XHSSHE","Enabled","Active","LikelyEnabled","Disabled","Enabled","AllBlocked","Enabled","2026-03-14 11:05"
"STUDIO-FIN-ZQBBGS","Disabled","N/A","NoiCloudAccount","Enabled","Enabled","AllBlocked","Enabled","2026-03-07 00:19"
"MAC-IT-REPTST","Enabled","BlockedByProfile","NoiCloudAccount","Disabled","Enabled","Available","Enabled","2026-03-17 09:37"
"MAC-DEV-LCWRFM","BlockedByProfile","Active","LikelyEnabled","BlockedByProfile","Unknown","PartiallyManaged","Unknown","2026-03-18 20:28"
"MINI-MKT-WJPFSU","Disabled","Active","BlockedByProfile","BlockedByProfile","Enabled","N/A","Enabled","2026-03-19 00:17"
"IMAC-IT-OQSSSB","Disabled","BlockedByProfile","NoiCloudAccount","BlockedByProfile","Enabled","AllBlocked","Enabled","2026-03-12 16:00"
"STUDIO-LEGAL-BAVZOS","Enabled","Inactive","NoiCloudAccount","N/A","Enabled","Available","Enabled","2026-03-15 11:21"
"MBP-SEC-QPSPQJ","Disabled","Active","BlockedByProfile","Disabled","DisabledByUser","AllBlocked","BlockedByProfile","2026-03-07 06:30"
"MBA-OPS-ENISTS","BlockedByProfile","Configured","LikelyEnabled","BlockedByProfile","Enabled","Available","DisabledByUser","2026-03-13 07:49"
"MBP-SEC-IEKVDJ","Enabled","Configured","LikelyEnabled","BlockedByProfile","Enabled","Available","DisabledByUser","2026-03-10 22:10"
"STUDIO-IT-WOGRJQ","Disabled","N/A","BlockedByProfile","Enabled","Enabled","Available","Enabled","2026-03-13 09:30"
"MINI-FIN-QFJSHM","Enabled","Inactive","BlockedByProfile","Enabled","BlockedByProfile","PartiallyManaged","Enabled","2026-03-16 18:36"
"STUDIO-HR-PZDNIC","BlockedByProfile","N/A","LikelyEnabled","Enabled","Unknown","PartiallyManaged","BlockedByProfile","2026-03-09 00:09"
"MBP-LEGAL-MIYIZT","Disabled","Active","LikelyEnabled","BlockedByProfile","Enabled","PartiallyManaged","DisabledByUser","2026-03-07 00:34"
"MBA-EXEC-VXYJLD","Disabled","BlockedByProfile","BlockedByProfile","Disabled","Enabled","Available","Enabled","2026-03-07 12:09"
"MBP-IT-KLOSYQ","BlockedByProfile","Inactive","LikelyEnabled","Disabled","DisabledByUser","N/A","DisabledByUser","2026-03-07 03:24"
"MAC-IT-KEDPJF","BlockedByProfile","Active","NoiCloudAccount","Disabled","Enabled","Available","Enabled","2026-03-10 00:32"
"MAC-HR-HGUDKJ","Disabled","N/A","NoiCloudAccount","Enabled","DisabledByUser","Available","Enabled","2026-03-11 23:45"
"MINI-FIN-JJEBIY","Disabled","Inactive","LikelyEnabled","Disabled","DisabledByUser","Available","Enabled","2026-03-14 20:55"
"STUDIO-MKT-PVREJA","Enabled","Active","NoiCloudAccount","Disabled","BlockedByProfile","Available","Enabled","2026-03-07 08:18"
"MAC-IT-UYRBJG","Disabled","Configured","NoiCloudAccount","Disabled","BlockedByProfile","PartiallyManaged","BlockedByProfile","2026-03-07 22:09"
"MBA-ENG-TLHVHN","Enabled","BlockedByProfile","LikelyEnabled","Enabled","Enabled","N/A","Enabled","2026-03-07 02:22"
"MBA-FIN-ECNHFR","Enabled","Active","NoiCloudAccount","Enabled","BlockedByProfile","PartiallyManaged","BlockedByProfile","2026-03-12 20:59"
"IMAC-SEC-FEDKHZ","Disabled","BlockedByProfile","LikelyEnabled","Disabled","Enabled","PartiallyManaged","Enabled","2026-03-19 16:28"
"MBA-EXEC-TENROZ","Disabled","Active","BlockedByProfile","Disabled","Unknown","AllBlocked","DisabledByUser","2026-03-06 23:30"
"MAC-DEV-TDUGME","Disabled","BlockedByProfile","BlockedByProfile","BlockedByProfile","DisabledByUser","Available","Enabled","2026-03-11 12:05"
"IMAC-SEC-DDMCNY","Enabled","Active","LikelyEnabled","Disabled","Enabled","PartiallyManaged","Enabled","2026-03-12 05:04"
"MBP-DEV-JCUABA","Enabled","Active","LikelyEnabled","BlockedByProfile","Enabled","AllBlocked","Enabled","2026-03-15 15:57"
"IMAC-FIN-IPDCYM","Enabled","Configured","NoiCloudAccount","Disabled","Enabled","Available","Enabled","2026-03-15 05:58"
"MBP-LEGAL-ZEXRXB","N/A","Inactive","NoiCloudAccount","BlockedByProfile","BlockedByProfile","AllBlocked","BlockedByProfile","2026-03-08 07:26"
"MBA-SEC-SENNUT","BlockedByProfile","Active","LikelyEnabled","Enabled","DisabledByUser","Available","Enabled","2026-03-17 16:45"
"MAC-LEGAL-FDMVFC","BlockedByProfile","Configured","LikelyEnabled","BlockedByProfile","Enabled","N/A","Enabled","2026-03-11 19:00"
"IMAC-SEC-RIWYYU","Disabled","N/A","LikelyEnabled","Enabled","BlockedByProfile","AllBlocked","Enabled","2026-03-17 10:30"
"MBA-ENG-PPDHCJ","Enabled","N/A","LikelyEnabled","Disabled","Enabled","Available","Unknown","2026-03-17 06:55"
"MAC-DEV-LILCNH","BlockedByProfile","BlockedByProfile","LikelyEnabled","Disabled","BlockedByProfile","AllBlocked","DisabledByUser","2026-03-14 01:36"
"MAC-ENG-BXEWDW","Disabled","N/A","LikelyEnabled","Enabled","BlockedByProfile","Available","BlockedByProfile","2026-03-18 14:37"
"IMAC-OPS-MHEJMF","Disabled","Active","BlockedByProfile","N/A","Enabled","Available","BlockedByProfile","2026-03-18 21:30"
"IMAC-EXEC-CGDXKZ","BlockedByProfile","BlockedByProfile","BlockedByProfile","Disabled","BlockedByProfile","AllBlocked","Enabled","2026-03-16 22:15"
"STUDIO-ENG-PIIEXY","Enabled","Active","LikelyEnabled","Enabled","Enabled","N/A","DisabledByUser","2026-03-09 03:30"
"MINI-HR-YIDCII","Disabled","Active","BlockedByProfile","Enabled","Enabled","Available","BlockedByProfile","2026-03-18 01:18"
"MINI-DEV-IHSAOK","Disabled","Active","NoiCloudAccount","N/A","BlockedByProfile","Available","DisabledByUser","2026-03-17 21:40"
"STUDIO-FIN-AOZOLZ","Enabled","Inactive","N/A","Disabled","Enabled","Available","DisabledByUser","2026-03-12 14:31"
"MINI-FIN-JLTDVN","Enabled","Active","LikelyEnabled","Enabled","BlockedByProfile","Available","Enabled","2026-03-08 03:49"
"IMAC-MKT-KKKBGE","Enabled","Active","LikelyEnabled","BlockedByProfile","Enabled","N/A","DisabledByUser","2026-03-08 21:15"
"MBA-IT-MWSSYH","Enabled","Active","BlockedByProfile","BlockedByProfile","Enabled","Available","Enabled","2026-03-13 12:11"
"STUDIO-DEV-SKXOCV","Disabled","Active","LikelyEnabled","BlockedByProfile","Enabled","Available","Enabled","2026-03-15 21:29"
"STUDIO-OPS-OJDCUO","BlockedByProfile","N/A","LikelyEnabled","Enabled","Enabled","PartiallyManaged","Enabled","2026-03-18 10:18"
"MBP-SEC-RPAPTW","Disabled","Configured","BlockedByProfile","Enabled","Enabled","Available","DisabledByUser","2026-03-10 00:04"
"MAC-OPS-TUXQGY","Disabled","Active","LikelyEnabled","Enabled","DisabledByUser","AllBlocked","Enabled","2026-03-19 02:42"
"MINI-EXEC-ESGWNQ","BlockedByProfile","Active","LikelyEnabled","N/A","Enabled","N/A","Unknown","2026-03-10 00:18"
"MAC-LEGAL-VJUOOA","Enabled","N/A","NoiCloudAccount","N/A","Unknown","Available","Enabled","2026-03-19 16:19"
"MAC-ENG-XBRGXF","BlockedByProfile","Inactive","LikelyEnabled","BlockedByProfile","BlockedByProfile","Available","DisabledByUser","2026-03-13 22:58"
"STUDIO-EXEC-JCNWSY","BlockedByProfile","Configured","LikelyEnabled","Disabled","DisabledByUser","Available","Enabled","2026-03-09 19:47"
"MAC-ENG-DPOMTE","Enabled","Active","LikelyEnabled","Enabled","BlockedByProfile","Available","DisabledByUser","2026-03-14 03:52"
"MBP-ENG-ENMKSX","Enabled","N/A","LikelyEnabled","Enabled","Enabled","Available","BlockedByProfile","2026-03-13 05:04"
"IMAC-SEC-ERSCOV","Enabled","BlockedByProfile","BlockedByProfile","Disabled","Enabled","Available","BlockedByProfile","2026-03-08 20:29"
"MBA-OPS-BLXQYV","Disabled","Inactive","BlockedByProfile","Enabled","BlockedByProfile","PartiallyManaged","DisabledByUser","2026-03-06 15:47"
"IMAC-DEV-OIGPQY","BlockedByProfile","Inactive","LikelyEnabled","Enabled","Enabled","PartiallyManaged","Enabled","2026-03-12 18:11"
"MAC-HR-HCMHTH","Enabled","Configured","LikelyEnabled","BlockedByProfile","Enabled","Available","BlockedByProfile","2026-03-19 11:49"
"MBA-HR-YZKWRQ","Enabled","Active","LikelyEnabled","Disabled","BlockedByProfile","Available","Unknown","2026-03-15 06:40"
"MBA-DEV-UWOXWI","BlockedByProfile","Active","LikelyEnabled","Enabled","BlockedByProfile","AllBlocked","DisabledByUser","2026-03-06 22:40"
"MINI-IT-NWSAIA","BlockedByProfile","Active","LikelyEnabled","Enabled","DisabledByUser","AllBlocked","Unknown","2026-03-10 10:44"
"IMAC-LEGAL-VSMCMR","Enabled","Active","NoiCloudAccount","Enabled","BlockedByProfile","AllBlocked","DisabledByUser","2026-03-14 10:35"
"MBA-MKT-MCUXBV","Disabled","Configured","LikelyEnabled","BlockedByProfile","BlockedByProfile","Available","Enabled","2026-03-15 12:10"
"IMAC-FIN-XMDJSB","Enabled","Configured","NoiCloudAccount","Enabled","Unknown","PartiallyManaged","Enabled","2026-03-16 11:00"
"MINI-DEV-JKADMR","Enabled","N/A","LikelyEnabled","Enabled","Enabled","AllBlocked","Unknown","2026-03-16 00:41"
"MBA-SEC-FDVUQH","BlockedByProfile","Inactive","NoiCloudAccount","N/A","Unknown","Available","Enabled","2026-03-14 08:11"
"STUDIO-SEC-CZSWVH","Disabled","N/A","LikelyEnabled","Disabled","Enabled","N/A","Enabled","2026-03-20 09:54"
"MINI-SEC-JTDGNT","Disabled","Active","LikelyEnabled","Enabled","BlockedByProfile","AllBlocked","Unknown","2026-03-14 17:09"
"STUDIO-SEC-UTXUDU","Enabled","BlockedByProfile","LikelyEnabled","Disabled","Enabled","Available","Enabled","2026-03-14 12:54"
"MBP-SEC-YIOVDP","Disabled","Inactive","N/A","Enabled","BlockedByProfile","AllBlocked","Enabled","2026-03-18 14:48"
"MINI-IT-IJZMBQ","Disabled","Inactive","BlockedByProfile","Enabled","DisabledByUser","Available","BlockedByProfile","2026-03-19 12:50"
"MBP-IT-KKLCQL","BlockedByProfile","BlockedByProfile","LikelyEnabled","Enabled","BlockedByProfile","PartiallyManaged","Enabled","2026-03-10 09:35"
"STUDIO-EXEC-LBYASB","Disabled","BlockedByProfile","LikelyEnabled","BlockedByProfile","Enabled","AllBlocked","Enabled","2026-03-13 17:42"
"MBP-DEV-JJLMNF","Disabled","Active","BlockedByProfile","N/A","BlockedByProfile","AllBlocked","Enabled","2026-03-19 08:17"
"MBA-HR-CAZDJJ","BlockedByProfile","Configured","NoiCloudAccount","Disabled","BlockedByProfile","AllBlocked","Enabled","2026-03-11 01:41"
"MBA-IT-PBDCPW","BlockedByProfile","Active","LikelyEnabled","BlockedByProfile","Enabled","AllBlocked","Enabled","2026-03-12 21:57"
"MINI-FIN-ZGUXOJ","Disabled","Active","NoiCloudAccount","Enabled","DisabledByUser","AllBlocked","Enabled","2026-03-15 11:00"
"MINI-MKT-FSDWDP","Disabled","Active","LikelyEnabled","Enabled","Enabled","Available","Enabled","2026-03-09 09:34"
"STUDIO-DEV-JPMNKX","Enabled","N/A","BlockedByProfile","Enabled","Enabled","AllBlocked","Unknown","2026-03-16 08:09"
"IMAC-ENG-DLPSOA","N/A","Inactive","LikelyEnabled","Enabled","DisabledByUser","Available","BlockedByProfile","2026-03-19 03:10"
"STUDIO-DEV-IUKNGP","Disabled","N/A","NoiCloudAccount","Disabled","BlockedByProfile","Available","Enabled","2026-03-19 11:48"
"MAC-FIN-SYROIC","Disabled","Active","NoiCloudAccount","BlockedByProfile","DisabledByUser","AllBlocked","Enabled","2026-03-18 23:31"
"MBA-IT-VXPPBK","Disabled","Active","NoiCloudAccount","N/A","Enabled","Available","DisabledByUser","2026-03-17 11:54"
"MBA-ENG-TAEDQC","N/A","N/A","LikelyEnabled","Enabled","Unknown","Available","DisabledByUser","2026-03-10 10:14"
"MAC-OPS-SJUTZH","Enabled","Active","NoiCloudAccount","Enabled","Enabled","N/A","DisabledByUser","2026-03-12 04:07"
"IMAC-EXEC-YGIWKD","Disabled","Inactive","LikelyEnabled","Enabled","Enabled","Available","DisabledByUser","2026-03-06 11:10"
"MBA-OPS-JQKJDM","Disabled","BlockedByProfile","NoiCloudAccount","Enabled","DisabledByUser","Available","BlockedByProfile","2026-03-19 01:04"
"MINI-OPS-SJZTKW","Disabled","BlockedByProfile","LikelyEnabled","Disabled","BlockedByProfile","PartiallyManaged","BlockedByProfile","2026-03-08 12:02"
"MBP-SEC-DHZLLV","Disabled","Inactive","NoiCloudAccount","Enabled","Enabled","Available","DisabledByUser","2026-03-19 20:37"
"MAC-SEC-DEWLDF","Disabled","BlockedByProfile","LikelyEnabled","BlockedByProfile","Enabled","N/A","Enabled","2026-03-13 01:50"
"STUDIO-LEGAL-UMRPDU","Disabled","N/A","LikelyEnabled","Enabled","Enabled","AllBlocked","BlockedByProfile","2026-03-19 17:45"
"STUDIO-DEV-LQQYUY","Disabled","Active","NoiCloudAccount","Disabled","Enabled","Available","Enabled","2026-03-13 09:26"
"MBP-SEC-JFJBYB","Disabled","N/A","BlockedByProfile","Disabled","Enabled","PartiallyManaged","DisabledByUser","2026-03-08 05:45"
"STUDIO-DEV-IVZLEF","Enabled","N/A","LikelyEnabled","Enabled","BlockedByProfile","N/A","DisabledByUser","2026-03-17 07:38"
"MBP-SEC-RGOBSX","Enabled","BlockedByProfile","N/A","BlockedByProfile","BlockedByProfile","AllBlocked","DisabledByUser","2026-03-09 18:52"
"STUDIO-OPS-EDEBLN","Disabled","Active","LikelyEnabled","BlockedByProfile","Enabled","PartiallyManaged","Enabled","2026-03-08 22:01"
"MBP-HR-COKXJX","Enabled","BlockedByProfile","BlockedByProfile","Enabled","DisabledByUser","AllBlocked","Unknown","2026-03-11 01:25"
"IMAC-HR-GXCPCP","Disabled","Active","NoiCloudAccount","Enabled","DisabledByUser","Available","Enabled","2026-03-14 02:39"
"MBP-IT-ASAASN","Enabled","Active","NoiCloudAccount","BlockedByProfile","Enabled","PartiallyManaged","Enabled","2026-03-15 01:34"
"STUDIO-DEV-MOPFLF","Enabled","BlockedByProfile","NoiCloudAccount","N/A","Enabled","N/A","Enabled","2026-03-14 21:44"
"IMAC-LEGAL-BXLLWH","Disabled","Inactive","NoiCloudAccount","Enabled","DisabledByUser","AllBlocked","Enabled","2026-03-08 21:18"
"STUDIO-HR-USIWNC","Disabled","Active","BlockedByProfile","Enabled","DisabledByUser","AllBlocked","Enabled","2026-03-14 23:17"
"MBA-ENG-RXAQUD","Disabled","Active","LikelyEnabled","Disabled","Enabled","N/A","DisabledByUser","2026-03-15 05:44"
"MBP-HR-UTDRMP","N/A","Configured","LikelyEnabled","Enabled","BlockedByProfile","AllBlocked","Unknown","2026-03-12 22:36"
"MAC-OPS-OQQIKA","Disabled","Configured","NoiCloudAccount","Enabled","Enabled","N/A","Enabled","2026-03-16 22:21"
"MINI-FIN-FONSQC","BlockedByProfile","BlockedByProfile","BlockedByProfile","BlockedByProfile","Enabled","PartiallyManaged","Enabled","2026-03-07 00:26"
"STUDIO-IT-GWGZTS","Enabled","BlockedByProfile","LikelyEnabled","Enabled","BlockedByProfile","PartiallyManaged","DisabledByUser","2026-03-08 15:00"
"STUDIO-IT-BQBRQH","Enabled","Configured","LikelyEnabled","Enabled","BlockedByProfile","Available","DisabledByUser","2026-03-10 21:14"
"IMAC-HR-YVVLMZ","BlockedByProfile","BlockedByProfile","LikelyEnabled","N/A","Enabled","AllBlocked","Enabled","2026-03-10 19:47"
"MBP-ENG-CFXAWU","BlockedByProfile","Active","NoiCloudAccount","Disabled","Enabled","PartiallyManaged","BlockedByProfile","2026-03-07 07:33"
"STUDIO-IT-BNGWQF","Disabled","Active","LikelyEnabled","Enabled","Enabled","Available","DisabledByUser","2026-03-07 09:10"
"MINI-HR-VCQEXP","Enabled","Active","LikelyEnabled","Disabled","DisabledByUser","N/A","Enabled","2026-03-13 22:23"
"MBP-DEV-BUKGAZ","Disabled","Active","NoiCloudAccount","Enabled","DisabledByUser","Available","Enabled","2026-03-19 04:18"
"MINI-DEV-XAICXF","Enabled","N/A","LikelyEnabled","Enabled","DisabledByUser","Available","Unknown","2026-03-15 19:04"
"IMAC-IT-YSVKZF","BlockedByProfile","Active","LikelyEnabled","Disabled","DisabledByUser","N/A","Enabled","2026-03-13 16:43"
"MBP-LEGAL-QXKZEZ","BlockedByProfile","Active","LikelyEnabled","Enabled","Enabled","AllBlocked","Enabled","2026-03-08 10:48"
"IMAC-MKT-BJLLDC","Enabled","Active","NoiCloudAccount","Disabled","Unknown","N/A","Enabled","2026-03-18 07:50"
"MAC-LEGAL-WCZRQD","Disabled","Configured","BlockedByProfile","Enabled","Enabled","N/A","Unknown","2026-03-19 12:33"
"MBA-IT-DIYXFM","Disabled","Active","LikelyEnabled","N/A","Enabled","PartiallyManaged","Enabled","2026-03-18 13:31"
"MINI-IT-HWBEKH","Enabled","BlockedByProfile","LikelyEnabled","Enabled","DisabledByUser","N/A","Enabled","2026-03-10 18:51"
"MBA-LEGAL-XJYNPI","Enabled","Inactive","BlockedByProfile","Disabled","Enabled","Available","Enabled","2026-03-11 10:38"
"MBP-ENG-WNHWQM","Enabled","Active","LikelyEnabled","Disabled","Enabled","PartiallyManaged","BlockedByProfile","2026-03-12 22:19"
"MBP-HR-FOLAIB","Disabled","Active","LikelyEnabled","Disabled","BlockedByProfile","Available","Enabled","2026-03-20 01:06"
"MBA-EXEC-HCBTVC","BlockedByProfile","Configured","LikelyEnabled","Enabled","Enabled","Available","Enabled","2026-03-11 19:20"
"MINI-IT-CNJUFE","BlockedByProfile","Active","N/A","BlockedByProfile","Enabled","AllBlocked","DisabledByUser","2026-03-07 04:48"
"MBA-MKT-PCEQEV","BlockedByProfile","N/A","LikelyEnabled","BlockedByProfile","Enabled","Available","Enabled","2026-03-16 09:07"
"STUDIO-HR-WFVZTY","BlockedByProfile","Active","LikelyEnabled","Enabled","BlockedByProfile","N/A","BlockedByProfile","2026-03-11 16:28"
"STUDIO-MKT-UMJPMY","Disabled","BlockedByProfile","NoiCloudAccount","Disabled","Enabled","Available","BlockedByProfile","2026-03-15 17:45"
"IMAC-ENG-LCHDRR","Enabled","Configured","LikelyEnabled","BlockedByProfile","Enabled","Available","BlockedByProfile","2026-03-10 01:53"
"MINI-HR-PWWBBL","Disabled","Active","LikelyEnabled","Enabled","Enabled","Available","BlockedByProfile","2026-03-09 03:59"
"MBP-FIN-WKSIAU","Enabled","Configured","NoiCloudAccount","Disabled","Enabled","PartiallyManaged","Enabled","2026-03-20 00:56"
"MINI-FIN-VWNINI","Enabled","BlockedByProfile","LikelyEnabled","Enabled","BlockedByProfile","AllBlocked","Enabled","2026-03-12 22:20"
"IMAC-MKT-FBGYCM","Disabled","Active","BlockedByProfile","Enabled","DisabledByUser","PartiallyManaged","Unknown","2026-03-10 13:41"
"MBA-MKT-HSKFOI","Disabled","N/A","LikelyEnabled","Enabled","Enabled","PartiallyManaged","BlockedByProfile","2026-03-17 06:15"
"IMAC-EXEC-JAAEXQ","Disabled","Active","NoiCloudAccount","Disabled","Enabled","AllBlocked","DisabledByUser","2026-03-17 19:12"
"IMAC-SEC-OHYTJE","BlockedByProfile","Inactive","LikelyEnabled","Enabled","Enabled","AllBlocked","Enabled","2026-03-07 09:32"
"IMAC-SEC-TEWVKZ","Disabled","Active","NoiCloudAccount","Enabled","Enabled","PartiallyManaged","BlockedByProfile","2026-03-19 13:05"
"MAC-FIN-SKJBOO","BlockedByProfile","Active","LikelyEnabled","Enabled","Enabled","PartiallyManaged","DisabledByUser","2026-03-06 16:33"
"MBA-LEGAL-ANWTKR","Disabled","Active","LikelyEnabled","N/A","Enabled","N/A","Enabled","2026-03-17 22:54"
"MBP-FIN-OJESIW","Disabled","Active","BlockedByProfile","Disabled","DisabledByUser","Available","BlockedByProfile","2026-03-07 14:03"
"MAC-HR-JTZVUY","BlockedByProfile","Inactive","NoiCloudAccount","N/A","Enabled","PartiallyManaged","DisabledByUser","2026-03-09 07:29"
"MBA-MKT-CZPHQD","Disabled","Active","NoiCloudAccount","BlockedByProfile","DisabledByUser","Available","Enabled","2026-03-17 20:42"
"MINI-EXEC-QXFMPO","BlockedByProfile","BlockedByProfile","BlockedByProfile","Enabled","DisabledByUser","PartiallyManaged","DisabledByUser","2026-03-08 13:34"
"MINI-OPS-BZLLOF","Enabled","BlockedByProfile","BlockedByProfile","N/A","Enabled","Available","Enabled","2026-03-13 08:59"
"MBA-ENG-NUCTOK","Disabled","Configured","N/A","BlockedByProfile","BlockedByProfile","PartiallyManaged","Enabled","2026-03-17 17:30"
"MBA-OPS-BYBMUX","Enabled","BlockedByProfile","LikelyEnabled","BlockedByProfile","Enabled","AllBlocked","BlockedByProfile","2026-03-08 03:56"
"MBA-HR-TEDJGI","Enabled","Active","BlockedByProfile","N/A","DisabledByUser","AllBlocked","BlockedByProfile","2026-03-11 12:28"
"MBP-HR-DOSPNE","Enabled","Inactive","LikelyEnabled","BlockedByProfile","Enabled","N/A","Enabled","2026-03-20 01:54"
"MAC-ENG-TPTRCS","N/A","Active","NoiCloudAccount","Enabled","Enabled","AllBlocked","DisabledByUser","2026-03-08 01:06"
"MBA-FIN-EQFFOO","Disabled","Inactive","BlockedByProfile","BlockedByProfile","DisabledByUser","Available","DisabledByUser","2026-03-20 04:34"
"IMAC-OPS-SJQSLI","BlockedByProfile","Active","LikelyEnabled","Enabled","DisabledByUser","Available","BlockedByProfile","2026-03-13 04:37"
"MBA-MKT-IPSZXW","Enabled","BlockedByProfile","BlockedByProfile","Enabled","Enabled","PartiallyManaged","BlockedByProfile","2026-03-15 18:49"
"MBP-FIN-AMAEVC","Enabled","BlockedByProfile","LikelyEnabled","BlockedByProfile","Enabled","N/A","Unknown","2026-03-07 13:08"
"MBP-HR-HVPVVR","Enabled","Inactive","N/A","BlockedByProfile","BlockedByProfile","AllBlocked","Enabled","2026-03-19 04:52"
"MINI-IT-RKXKLS","Disabled","Configured","NoiCloudAccount","Enabled","Enabled","Available","Enabled","2026-03-09 19:56"
"MBP-IT-XXQPIG","Disabled","Active","LikelyEnabled","Enabled","Enabled","N/A","Enabled","2026-03-15 21:45"
"STUDIO-FIN-TWELVY","Enabled","N/A","NoiCloudAccount","BlockedByProfile","Enabled","AllBlocked","Enabled","2026-03-19 20:57"
"MBP-DEV-HIIWLM","Disabled","Inactive","LikelyEnabled","Disabled","DisabledByUser","AllBlocked","Enabled","2026-03-07 19:34"
"MBA-SEC-TBDWRL","Disabled","BlockedByProfile","LikelyEnabled","Enabled","DisabledByUser","Available","Unknown","2026-03-13 13:38"
"STUDIO-ENG-YTVJCZ","Disabled","N/A","BlockedByProfile","Disabled","Enabled","PartiallyManaged","DisabledByUser","2026-03-20 02:22"
"STUDIO-DEV-PVDHSY","Enabled","Inactive","LikelyEnabled","Enabled","Enabled","AllBlocked","Enabled","2026-03-17 17:14"
"STUDIO-ENG-PXZSVV","BlockedByProfile","Active","BlockedByProfile","N/A","Enabled","N/A","BlockedByProfile","2026-03-13 23:40"
"MBA-EXEC-YMSHES","Disabled","Active","NoiCloudAccount","Disabled","Unknown","PartiallyManaged","DisabledByUser","2026-03-16 14:42"
"MAC-ENG-FFIFUN","Enabled","Active","LikelyEnabled","Enabled","Enabled","N/A","BlockedByProfile","2026-03-07 11:17"
"MBA-OPS-HXGBDO","Enabled","N/A","LikelyEnabled","Enabled","Enabled","Available","DisabledByUser","2026-03-10 11:16"
"MBA-ENG-WOQDXD","BlockedByProfile","N/A","NoiCloudAccount","Disabled","Enabled","Available","Enabled","2026-03-07 21:48"
"MAC-MKT-SBKJHC","Disabled","Active","NoiCloudAccount","Enabled","Enabled","PartiallyManaged","Enabled","2026-03-14 00:39"
"IMAC-FIN-RAECSM","Disabled","Configured","BlockedByProfile","Disabled","BlockedByProfile","AllBlocked","Enabled","2026-03-13 13:47"
"MINI-LEGAL-WQUDRY","Disabled","Active","BlockedByProfile","Disabled","Enabled","PartiallyManaged","BlockedByProfile","2026-03-12 04:40"
"MINI-LEGAL-QQSQQN","BlockedByProfile","Active","LikelyEnabled","Enabled","DisabledByUser","Available","Enabled","2026-03-08 05:36"
"IMAC-LEGAL-TETFET","Enabled","Active","BlockedByProfile","Disabled","BlockedByProfile","N/A","BlockedByProfile","2026-03-19 11:08"
"MAC-HR-RSWXOE","Enabled","Inactive","LikelyEnabled","Disabled","Enabled","N/A","Unknown","2026-03-18 07:07"
"IMAC-OPS-ORSLWZ","Disabled","Inactive","LikelyEnabled","Disabled","Enabled","PartiallyManaged","DisabledByUser","2026-03-20 04:20"
"MAC-IT-MVMRCU","Enabled","Active","LikelyEnabled","Enabled","DisabledByUser","N/A","Enabled","2026-03-11 23:43"
"STUDIO-SEC-BRKOOE","BlockedByProfile","Active","NoiCloudAccount","Disabled","Enabled","Available","Enabled","2026-03-16 07:49"
"MAC-OPS-UGKUGE","Enabled","Active","BlockedByProfile","Enabled","DisabledByUser","N/A","Enabled","2026-03-16 20:44"
"MBP-OPS-TJHZQL","BlockedByProfile","Active","LikelyEnabled","Disabled","Unknown","N/A","Enabled","2026-03-09 15:57"
"MINI-ENG-SPFKFF","Enabled","BlockedByProfile","LikelyEnabled","Disabled","BlockedByProfile","AllBlocked","DisabledByUser","2026-03-09 14:11"
"MBA-EXEC-NEGNWI","Disabled","Inactive","LikelyEnabled","Enabled","Unknown","Available","DisabledByUser","2026-03-08 23:14"
"IMAC-LEGAL-FXEFCZ","Disabled","Active","LikelyEnabled","Disabled","Enabled","N/A","DisabledByUser","2026-03-06 19:13"
"MBP-OPS-WVMRSF","Enabled","Active","LikelyEnabled","Enabled","Enabled","AllBlocked","BlockedByProfile","2026-03-10 07:40"
"IMAC-EXEC-BASWFM","Disabled","N/A","NoiCloudAccount","Enabled","BlockedByProfile","PartiallyManaged","Enabled","2026-03-13 09:08"
"MBP-DEV-IYUXSJ","BlockedByProfile","Inactive","LikelyEnabled","Enabled","Enabled","Available","Enabled","2026-03-17 02:30"
"STUDIO-EXEC-LDZAGD","Disabled","N/A","LikelyEnabled","BlockedByProfile","Enabled","AllBlocked","DisabledByUser","2026-03-14 02:28"
"MBA-ENG-UOYKFF","Enabled","Active","N/A","BlockedByProfile","BlockedByProfile","Available","Enabled","2026-03-19 12:36"
"MINI-OPS-VPRPMF","Disabled","Configured","NoiCloudAccount","Enabled","Enabled","PartiallyManaged","DisabledByUser","2026-03-19 16:20"
"MBA-IT-GZCAGD","Enabled","BlockedByProfile","BlockedByProfile","BlockedByProfile","Enabled","Available","Enabled","2026-03-19 10:56"
"MAC-EXEC-NSDEVR","Disabled","Active","BlockedByProfile","Enabled","Enabled","AllBlocked","DisabledByUser","2026-03-18 18:28"
"MBA-SEC-HEOBSQ","Enabled","Active","LikelyEnabled","N/A","Enabled","Available","Unknown","2026-03-08 01:53"
"MBA-ENG-JEBWGW","BlockedByProfile","Active","LikelyEnabled","BlockedByProfile","DisabledByUser","Available","Enabled","2026-03-10 11:41"
"MAC-OPS-RVAZTD","Disabled","N/A","LikelyEnabled","Enabled","BlockedByProfile","AllBlocked","Enabled","2026-03-17 12:59"
"MBP-MKT-EZUMAV","Enabled","BlockedByProfile","LikelyEnabled","Enabled","Enabled","N/A","BlockedByProfile","2026-03-13 02:37"
"STUDIO-ENG-SFGZIL","Enabled","BlockedByProfile","LikelyEnabled","Disabled","Enabled","PartiallyManaged","BlockedByProfile","2026-03-19 07:54"
"IMAC-ENG-SXWQZH","Enabled","BlockedByProfile","LikelyEnabled","Enabled","BlockedByProfile","PartiallyManaged","Enabled","2026-03-16 09:38"
"IMAC-EXEC-LPCRJH","Disabled","BlockedByProfile","LikelyEnabled","Disabled","Enabled","AllBlocked","Unknown","2026-03-10 07:07"
"MBP-LEGAL-JNRXAJ","Disabled","BlockedByProfile","NoiCloudAccount","Enabled","Enabled","AllBlocked","Unknown","2026-03-06 15:03"
"STUDIO-EXEC-ZHMXDJ","Enabled","BlockedByProfile","LikelyEnabled","Enabled","Enabled","N/A","Enabled","2026-03-07 11:28"
"MAC-MKT-FMFVEO","Disabled","BlockedByProfile","LikelyEnabled","Enabled","Enabled","PartiallyManaged","Enabled","2026-03-17 07:13"
"MBP-DEV-WINZAG","N/A","BlockedByProfile","LikelyEnabled","Disabled","BlockedByProfile","N/A","DisabledByUser","2026-03-11 22:27"
"MBA-HR-RUAXGJ","Enabled","N/A","BlockedByProfile","BlockedByProfile","BlockedByProfile","Available","BlockedByProfile","2026-03-12 22:22"
"MAC-SEC-HLIFAT","BlockedByProfile","Active","LikelyEnabled","BlockedByProfile","Enabled","Available","DisabledByUser","2026-03-08 18:31"
"MAC-FIN-BEFJJB","N/A","N/A","NoiCloudAccount","Disabled","Enabled","Available","DisabledByUser","2026-03-16 18:56"
"MBA-MKT-TSWFMV","Enabled","Inactive","LikelyEnabled","N/A","Enabled","Available","DisabledByUser","2026-03-17 04:56"
"IMAC-MKT-YOVEUJ","BlockedByProfile","Inactive","LikelyEnabled","Enabled","BlockedByProfile","PartiallyManaged","DisabledByUser","2026-03-08 10:04"
"IMAC-SEC-JDIBUD","BlockedByProfile","Inactive","LikelyEnabled","Enabled","Enabled","PartiallyManaged","Unknown","2026-03-07 15:46"
"STUDIO-LEGAL-KRRSUT","Enabled","N/A","LikelyEnabled","Disabled","BlockedByProfile","Available","Enabled","2026-03-18 14:20"
"IMAC-ENG-RXIIFU","Disabled","Active","NoiCloudAccount","Disabled","BlockedByProfile","Available","Unknown","2026-03-08 11:34"
"MBA-ENG-WLGWQR","Disabled","Inactive","NoiCloudAccount","Enabled","Unknown","AllBlocked","Enabled","2026-03-12 22:22"
"MINI-IT-ICZVJA","Enabled","Active","LikelyEnabled","Enabled","BlockedByProfile","Available","Unknown","2026-03-08 17:44"
"MAC-OPS-JSMPJK","BlockedByProfile","Active","NoiCloudAccount","Enabled","Enabled","PartiallyManaged","Enabled","2026-03-16 05:29"
"STUDIO-OPS-DYCOQN","BlockedByProfile","N/A","BlockedByProfile","Disabled","Enabled","AllBlocked","DisabledByUser","2026-03-06 19:41"
"MINI-MKT-MFVZIY","BlockedByProfile","BlockedByProfile","LikelyEnabled","Enabled","Enabled","Available","Enabled","2026-03-18 18:54"
"MAC-DEV-CUMYGK","Enabled","N/A","NoiCloudAccount","Disabled","Enabled","PartiallyManaged","BlockedByProfile","2026-03-18 15:28"
"MBA-DEV-VMHNFE","Disabled","BlockedByProfile","LikelyEnabled","Enabled","Enabled","N/A","Enabled","2026-03-17 13:21"
"MINI-EXEC-DTMTHC","Enabled","Configured","LikelyEnabled","Disabled","Enabled","AllBlocked","Enabled","2026-03-12 04:14"
"MAC-LEGAL-KCDGNU","BlockedByProfile","Active","NoiCloudAccount","Disabled","Enabled","PartiallyManaged","Enabled","2026-03-17 08:10"
"STUDIO-DEV-BOHXNL","Enabled","Active","LikelyEnabled","Enabled","Enabled","Available","Enabled","2026-03-07 20:17"
"MBP-IT-BYUVWA","Disabled","Active","LikelyEnabled","Disabled","Enabled","Available","Unknown","2026-03-15 00:41"
"MAC-LEGAL-UAYKZB","Enabled","Active","LikelyEnabled","BlockedByProfile","Enabled","PartiallyManaged","DisabledByUser","2026-03-18 11:22"
"IMAC-SEC-VZMFKP","Disabled","N/A","NoiCloudAccount","Enabled","DisabledByUser","AllBlocked","DisabledByUser","2026-03-06 12:37"
"MAC-ENG-TOXXEJ","Enabled","Active","LikelyEnabled","N/A","Enabled","Available","Unknown","2026-03-12 00:17"
"IMAC-SEC-CPRMDY","Enabled","BlockedByProfile","BlockedByProfile","Enabled","Enabled","AllBlocked","DisabledByUser","2026-03-08 07:58"
"MAC-HR-VBTYHB","Disabled","N/A","NoiCloudAccount","Enabled","DisabledByUser","N/A","BlockedByProfile","2026-03-09 15:27"
"MBA-ENG-JNTWTI","Disabled","BlockedByProfile","LikelyEnabled","Enabled","Enabled","N/A","Enabled","2026-03-07 08:48"
"STUDIO-OPS-TZRJRI","Enabled","BlockedByProfile","LikelyEnabled","Disabled","Enabled","N/A","Enabled","2026-03-12 01:41"
"MBA-HR-RQPIRC","Enabled","Active","N/A","Enabled","Enabled","PartiallyManaged","Enabled","2026-03-11 20:34"
"STUDIO-EXEC-HHCYTK","Disabled","Inactive","LikelyEnabled","N/A","Enabled","Available","Enabled","2026-03-16 11:19"
"STUDIO-ENG-IHTXLM","BlockedByProfile","Configured","LikelyEnabled","Enabled","Enabled","N/A","Enabled","2026-03-11 03:22"
"MAC-MKT-EYSSXV","BlockedByProfile","Configured","NoiCloudAccount","Enabled","Enabled","Available","Unknown","2026-03-15 23:44"
"MBP-DEV-VTBHFE","Disabled","Inactive","N/A","Disabled","BlockedByProfile","N/A","DisabledByUser","2026-03-13 15:54"
"MBA-ENG-DOCDRB","Disabled","N/A","BlockedByProfile","BlockedByProfile","Enabled","PartiallyManaged","BlockedByProfile","2026-03-12 05:46"
"MBA-MKT-VZDSCP","Enabled","N/A","BlockedByProfile","Disabled","Enabled","N/A","Enabled","2026-03-19 08:43"
"IMAC-HR-IQBVTC","Disabled","Active","NoiCloudAccount","Disabled","Enabled","N/A","Unknown","2026-03-07 04:54"
"MBP-ENG-LHXKTS","BlockedByProfile","BlockedByProfile","BlockedByProfile","BlockedByProfile","BlockedByProfile","Available","DisabledByUser","2026-03-19 22:43"
"IMAC-EXEC-XMWEPF","Disabled","BlockedByProfile","LikelyEnabled","Enabled","Enabled","PartiallyManaged","DisabledByUser","2026-03-19 06:01"
"MAC-HR-QJOCOR","Disabled","BlockedByProfile","LikelyEnabled","BlockedByProfile","DisabledByUser","AllBlocked","Enabled","2026-03-15 17:20"
"IMAC-EXEC-VQRKKS","BlockedByProfile","Inactive","BlockedByProfile","BlockedByProfile","BlockedByProfile","PartiallyManaged","Enabled","2026-03-09 21:28"
"IMAC-SEC-YBZVSH","Disabled","BlockedByProfile","LikelyEnabled","Enabled","BlockedByProfile","AllBlocked","Unknown","2026-03-13 20:22"
"MBA-MKT-QSSNOK","Enabled","Configured","NoiCloudAccount","Disabled","Enabled","AllBlocked","BlockedByProfile","2026-03-11 00:56"
"MINI-LEGAL-TANZON","Enabled","BlockedByProfile","LikelyEnabled","Enabled","Enabled","AllBlocked","Enabled","2026-03-14 14:45"
"MAC-MKT-GCYMUF","BlockedByProfile","Inactive","BlockedByProfile","Enabled","DisabledByUser","Available","Unknown","2026-03-17 03:48"
"MBA-ENG-NJMRFB","BlockedByProfile","Inactive","LikelyEnabled","Enabled","Enabled","Available","Unknown","2026-03-10 08:59"
"IMAC-LEGAL-QTMWAV","BlockedByProfile","Active","LikelyEnabled","BlockedByProfile","Enabled","PartiallyManaged","Enabled","2026-03-10 23:48"
"MBP-DEV-BIYEOX","BlockedByProfile","Active","NoiCloudAccount","Enabled","Enabled","PartiallyManaged","BlockedByProfile","2026-03-13 03:24"
"IMAC-HR-WRAAEX","Enabled","Configured","LikelyEnabled","BlockedByProfile","BlockedByProfile","PartiallyManaged","BlockedByProfile","2026-03-08 20:27"
"STUDIO-OPS-BYASKU","Disabled","N/A","BlockedByProfile","BlockedByProfile","Enabled","N/A","DisabledByUser","2026-03-11 11:08"
"MBA-HR-LXEKLA","Disabled","BlockedByProfile","NoiCloudAccount","Disabled","BlockedByProfile","N/A","Enabled","2026-03-15 10:29"
"MBP-IT-NWEJSY","Enabled","Configured","NoiCloudAccount","N/A","Enabled","AllBlocked","BlockedByProfile","2026-03-17 00:39"
"IMAC-OPS-HCSLIS","Disabled","BlockedByProfile","LikelyEnabled","Disabled","Enabled","Available","Enabled","2026-03-16 09:41"
"IMAC-EXEC-IBZPWM","Enabled","BlockedByProfile","NoiCloudAccount","BlockedByProfile","DisabledByUser","PartiallyManaged","Enabled","2026-03-12 22:13"
"MINI-OPS-LECVUV","BlockedByProfile","Inactive","LikelyEnabled","BlockedByProfile","Enabled","AllBlocked","Enabled","2026-03-14 05:53"
"MINI-FIN-WUJLQK","BlockedByProfile","Active","BlockedByProfile","Enabled","Enabled","AllBlocked","Unknown","2026-03-08 22:47"
"MAC-FIN-SVFLTV","BlockedByProfile","Active","LikelyEnabled","Disabled","Enabled","Available","Unknown","2026-03-15 17:13"
"MINI-OPS-FTBAIR","Disabled","Active","NoiCloudAccount","Disabled","Enabled","Available","DisabledByUser","2026-03-12 05:23"
"STUDIO-HR-HGACOS","BlockedByProfile","N/A","LikelyEnabled","N/A","BlockedByProfile","AllBlocked","DisabledByUser","2026-03-17 16:04"
"MBP-SEC-FQYEBG","Disabled","Active","N/A","BlockedByProfile","DisabledByUser","N/A","Enabled","2026-03-18 07:41"
"MINI-MKT-UNFJAT","BlockedByProfile","Active","LikelyEnabled","Enabled","BlockedByProfile","Available","BlockedByProfile","2026-03-12 15:09"
"MINI-ENG-GWUYBO","Enabled","Configured","LikelyEnabled","N/A","BlockedByProfile","Available","Enabled","2026-03-07 04:22"
"MINI-IT-UPDSNW","Enabled","Configured","LikelyEnabled","Enabled","DisabledByUser","PartiallyManaged","Unknown","2026-03-07 06:56"
"MINI-OPS-AALVWB","BlockedByProfile","Active","LikelyEnabled","Enabled","Enabled","Available","Enabled","2026-03-09 21:25"
"MBP-FIN-YNYUUQ","Enabled","Configured","NoiCloudAccount","BlockedByProfile","BlockedByProfile","Available","Enabled","2026-03-12 08:45"
"MINI-DEV-STZMTE","Enabled","Active","BlockedByProfile","Disabled","Enabled","AllBlocked","BlockedByProfile","2026-03-18 02:24"
"IMAC-SEC-CATALV","N/A","Active","LikelyEnabled","Disabled","Enabled","AllBlocked","Enabled","2026-03-08 00:55"
"MBP-LEGAL-PVSVOL","Disabled","BlockedByProfile","LikelyEnabled","Enabled","Enabled","Available","Enabled","2026-03-07 22:33"
"STUDIO-FIN-QULRJP","Enabled","Inactive","LikelyEnabled","Enabled","DisabledByUser","Available","Enabled","2026-03-09 06:48"
"IMAC-ENG-XWWSUS","BlockedByProfile","Active","NoiCloudAccount","BlockedByProfile","Enabled","Available","Enabled","2026-03-11 23:07"
"MBA-LEGAL-ZRMJNZ","N/A","N/A","LikelyEnabled","Enabled","Enabled","AllBlocked","BlockedByProfile","2026-03-17 15:34"
"MINI-IT-NYDVQQ","BlockedByProfile","Active","BlockedByProfile","Disabled","BlockedByProfile","Available","Enabled","2026-03-13 15:49"
"MBP-LEGAL-SAZHQD","Enabled","Inactive","NoiCloudAccount","Disabled","DisabledByUser","AllBlocked","Enabled","2026-03-18 02:25"
"MINI-HR-WWWCOR","Enabled","Active","BlockedByProfile","Enabled","BlockedByProfile","Available","Enabled","2026-03-07 12:38"
"STUDIO-HR-JNHJNU","Disabled","Configured","LikelyEnabled","Enabled","Enabled","AllBlocked","Enabled","2026-03-10 14:18"
"MINI-IT-GCALMA","Disabled","Active","LikelyEnabled","Disabled","Enabled","Available","Unknown","2026-03-12 03:26"
"MBA-FIN-VNSEQO","Enabled","Inactive","LikelyEnabled","Enabled","Enabled","N/A","Enabled","2026-03-18 11:01"
"MBP-OPS-TEOVNA","BlockedByProfile","BlockedByProfile","LikelyEnabled","Disabled","Enabled","Available","BlockedByProfile","2026-03-19 12:11"
"MINI-MKT-ATRSHI","Enabled","Active","N/A","BlockedByProfile","DisabledByUser","Available","BlockedByProfile","2026-03-12 14:34"
"MINI-EXEC-ZQGHTJ","BlockedByProfile","Configured","BlockedByProfile","Enabled","Enabled","Available","DisabledByUser","2026-03-16 09:18"
"MBP-EXEC-JMWTVK","Disabled","BlockedByProfile","BlockedByProfile","Enabled","Enabled","PartiallyManaged","Enabled","2026-03-12 00:04"
"MBP-LEGAL-GSRPQR","Disabled","N/A","NoiCloudAccount","Disabled","BlockedByProfile","AllBlocked","DisabledByUser","2026-03-07 00:16"
"MBA-FIN-FFUTNE","Enabled","Active","NoiCloudAccount","Enabled","Enabled","AllBlocked","DisabledByUser","2026-03-09 03:21"
"MBA-SEC-FHITOF","Enabled","Active","LikelyEnabled","BlockedByProfile","BlockedByProfile","N/A","Enabled","2026-03-09 23:35"
"MINI-DEV-GPPOZJ","Disabled","BlockedByProfile","NoiCloudAccount","Disabled","Enabled","AllBlocked","BlockedByProfile","2026-03-09 04:38"
"MBP-FIN-EKTEQV","Disabled","BlockedByProfile","BlockedByProfile","Disabled","Enabled","N/A","BlockedByProfile","2026-03-11 04:58"
"MINI-LEGAL-ISUQWT","Disabled","N/A","LikelyEnabled","Enabled","Enabled","Available","Enabled","2026-03-15 01:59"
"MBP-ENG-CCZHCS","Disabled","Active","LikelyEnabled","Enabled","BlockedByProfile","N/A","BlockedByProfile","2026-03-10 08:13"
"MAC-OPS-XGYDKU","Disabled","N/A","LikelyEnabled","Disabled","DisabledByUser","Available","BlockedByProfile","2026-03-09 02:42"
"MBP-IT-SVFSHI","Enabled","Inactive","NoiCloudAccount","Disabled","BlockedByProfile","Available","DisabledByUser","2026-03-07 03:26"
"MBP-EXEC-DINJPC","Enabled","BlockedByProfile","BlockedByProfile","BlockedByProfile","BlockedByProfile","AllBlocked","Enabled","2026-03-06 23:14"
"IMAC-ENG-CRLBZV","Disabled","Inactive","LikelyEnabled","Enabled","DisabledByUser","AllBlocked","Enabled","2026-03-11 19:09"
"MBA-FIN-YMERDD","Disabled","Active","LikelyEnabled","Enabled","BlockedByProfile","Available","Enabled","2026-03-14 16:29"
"IMAC-DEV-DXWOXJ","Disabled","Active","NoiCloudAccount","N/A","DisabledByUser","Available","DisabledByUser","2026-03-06 21:51"
"MBA-DEV-IRRSNJ","BlockedByProfile","Active","NoiCloudAccount","Enabled","DisabledByUser","AllBlocked","BlockedByProfile","2026-03-16 23:53"
"MBA-HR-TGYLUV","BlockedByProfile","BlockedByProfile","LikelyEnabled","Disabled","Enabled","Available","Enabled","2026-03-08 00:26"
"STUDIO-SEC-LADUCZ","Enabled","N/A","LikelyEnabled","BlockedByProfile","Enabled","Available","DisabledByUser","2026-03-16 23:54"
"MBA-ENG-RQXBCD","Enabled","BlockedByProfile","NoiCloudAccount","Disabled","BlockedByProfile","N/A","Enabled","2026-03-07 16:04"
"MBA-SEC-ABCRHE","Disabled","Active","LikelyEnabled","Disabled","Enabled","N/A","Enabled","2026-03-19 18:11"
"STUDIO-ENG-BLZYJA","BlockedByProfile","BlockedByProfile","LikelyEnabled","Enabled","Enabled","PartiallyManaged","BlockedByProfile","2026-03-15 05:40"
"STUDIO-SEC-BKSTXT","Disabled","Inactive","LikelyEnabled","Disabled","BlockedByProfile","AllBlocked","Enabled","2026-03-19 08:57"
"MBP-EXEC-CWYCFR","Enabled","Active","LikelyEnabled","Disabled","BlockedByProfile","PartiallyManaged","Enabled","2026-03-07 15:43"
"MAC-MKT-YOIDHU","Disabled","BlockedByProfile","BlockedByProfile","Enabled","BlockedByProfile","AllBlocked","Unknown","2026-03-17 03:19"
"MAC-FIN-MPOYYV","Disabled","Active","LikelyEnabled","Enabled","BlockedByProfile","AllBlocked","DisabledByUser","2026-03-10 02:10"
"MINI-EXEC-VNFMSA","BlockedByProfile","Configured","LikelyEnabled","Disabled","BlockedByProfile","Available","DisabledByUser","2026-03-16 18:55"
"MAC-LEGAL-TTRZHK","BlockedByProfile","Inactive","NoiCloudAccount","Enabled","Enabled","N/A","Unknown","2026-03-10 14:03"
"MAC-MKT-TYAMWV","Enabled","N/A","NoiCloudAccount","Enabled","DisabledByUser","AllBlocked","Enabled","2026-03-08 15:33"
"MAC-LEGAL-XXCOHS","Disabled","BlockedByProfile","NoiCloudAccount","Enabled","DisabledByUser","AllBlocked","BlockedByProfile","2026-03-20 07:06"
"MBA-EXEC-PIOFFO","N/A","BlockedByProfile","LikelyEnabled","N/A","Enabled","PartiallyManaged","Unknown","2026-03-15 12:05"
"IMAC-ENG-WTLEEG","Disabled","Active","LikelyEnabled","Disabled","Unknown","Available","BlockedByProfile","2026-03-15 20:36"
"IMAC-ENG-QBDJYI","Enabled","BlockedByProfile","BlockedByProfile","BlockedByProfile","BlockedByProfile","Available","DisabledByUser","2026-03-06 20:17"
"MBA-ENG-GZIRMA","BlockedByProfile","Active","NoiCloudAccount","Enabled","Enabled","AllBlocked","Enabled","2026-03-12 06:00"
"MBA-DEV-TYUNQK","BlockedByProfile","N/A","LikelyEnabled","BlockedByProfile","BlockedByProfile","Available","Enabled","2026-03-17 04:01"
"MINI-OPS-POMOZE","Enabled","Active","LikelyEnabled","BlockedByProfile","Unknown","Available","BlockedByProfile","2026-03-09 10:13"
"MINI-HR-WVYAGS","N/A","Active","LikelyEnabled","Enabled","Enabled","Available","Enabled","2026-03-10 20:26"
"MAC-LEGAL-OYYKYY","Disabled","Configured","LikelyEnabled","Disabled","Enabled","PartiallyManaged","DisabledByUser","2026-03-19 04:16"
"MBP-OPS-SKXFEO","BlockedByProfile","N/A","LikelyEnabled","N/A","Enabled","N/A","DisabledByUser","2026-03-13 07:22"
"MBA-OPS-WMIJCW","Disabled","Active","BlockedByProfile","Enabled","Enabled","AllBlocked","BlockedByProfile","2026-03-19 01:01"
"MBA-SEC-RLBCYZ","Enabled","Active","LikelyEnabled","Disabled","DisabledByUser","PartiallyManaged","BlockedByProfile","2026-03-18 14:02"
"MINI-EXEC-THZATS","Enabled","Active","NoiCloudAccount","N/A","Enabled","AllBlocked","Enabled","2026-03-06 21:55"
"STUDIO-DEV-RXQPBO","BlockedByProfile","Active","LikelyEnabled","Enabled","Enabled","Available","DisabledByUser","2026-03-12 23:54"
"MBP-IT-CMMEVI","Enabled","Configured","LikelyEnabled","BlockedByProfile","Enabled","Available","Enabled","2026-03-10 14:53"
"MBP-DEV-PCUYHX","Disabled","Active","NoiCloudAccount","N/A","Enabled","Available","Enabled","2026-03-09 09:11"
"MAC-IT-LLLZKS","Disabled","Configured","LikelyEnabled","BlockedByProfile","Enabled","N/A","Enabled","2026-03-08 10:13"
"IMAC-FIN-COLUGE","Enabled","BlockedByProfile","NoiCloudAccount","BlockedByProfile","Enabled","PartiallyManaged","Enabled","2026-03-14 05:16"
"IMAC-FIN-SBPTUT","Enabled","Inactive","LikelyEnabled","BlockedByProfile","BlockedByProfile","PartiallyManaged","Enabled","2026-03-09 09:08"
"MINI-IT-KXPBFO","Disabled","BlockedByProfile","LikelyEnabled","Disabled","Enabled","N/A","Enabled","2026-03-15 12:56"
"MBA-DEV-PASJLI","Enabled","Active","LikelyEnabled","Enabled","DisabledByUser","Available","Enabled","2026-03-19 21:41"
"IMAC-ENG-RIVBSM","Enabled","BlockedByProfile","LikelyEnabled","Enabled","BlockedByProfile","Available","Enabled","2026-03-09 16:01"
"MBA-EXEC-OVNZQC","Enabled","Active","LikelyEnabled","Disabled","DisabledByUser","PartiallyManaged","BlockedByProfile","2026-03-06 11:49"
"MAC-OPS-JJIIXW","Disabled","Active","BlockedByProfile","Enabled","Enabled","Available","BlockedByProfile","2026-03-16 01:55"
"MINI-EXEC-SKHDKS","Enabled","BlockedByProfile","NoiCloudAccount","Disabled","Enabled","N/A","Enabled","2026-03-12 08:24"
"MBA-LEGAL-NWCIKQ","Enabled","Inactive","LikelyEnabled","Disabled","Enabled","N/A","Unknown","2026-03-12 15:43"
"STUDIO-EXEC-MNKNKF","N/A","Active","LikelyEnabled","Enabled","Enabled","AllBlocked","Enabled","2026-03-16 20:43"
"IMAC-HR-EWZDRQ","Disabled","Active","BlockedByProfile","Enabled","DisabledByUser","N/A","Enabled","2026-03-07 21:43"
"MBP-IT-TEZIXJ","BlockedByProfile","Active","BlockedByProfile","Enabled","Enabled","PartiallyManaged","Enabled","2026-03-19 09:25"
"MBA-ENG-LXBLDD","Enabled","Configured","LikelyEnabled","Disabled","Enabled","N/A","Enabled","2026-03-17 01:09"
"STUDIO-SEC-OBPTYM","Enabled","Active","LikelyEnabled","Enabled","Enabled","Available","Enabled","2026-03-09 09:50"
"STUDIO-OPS-QJNAVR","N/A","Active","LikelyEnabled","Disabled","Enabled","Available","DisabledByUser","2026-03-08 09:31"
"MBP-MKT-JREHBA","Enabled","Active","LikelyEnabled","Enabled","DisabledByUser","PartiallyManaged","Unknown","2026-03-08 06:29"
"MINI-FIN-PNZARV","Enabled","Inactive","BlockedByProfile","N/A","Enabled","Available","DisabledByUser","2026-03-18 08:35"
"IMAC-ENG-ANVBBL","Disabled","Active","LikelyEnabled","Enabled","Enabled","AllBlocked","DisabledByUser","2026-03-19 23:09"
"MBP-DEV-MDXWBO","Disabled","Active","NoiCloudAccount","BlockedByProfile","DisabledByUser","AllBlocked","Unknown","2026-03-08 13:05"
"MAC-SEC-UOHHHZ","BlockedByProfile","Inactive","NoiCloudAccount","Enabled","Enabled","PartiallyManaged","BlockedByProfile","2026-03-11 23:51"
"STUDIO-ENG-VBHGPY","Disabled","Inactive","BlockedByProfile","BlockedByProfile","DisabledByUser","PartiallyManaged","DisabledByUser","2026-03-19 19:59"
"MINI-EXEC-GDAZBE","Enabled","Active","BlockedByProfile","BlockedByProfile","DisabledByUser","Available","DisabledByUser","2026-03-14 22:28"
"STUDIO-EXEC-ZNFPWV","BlockedByProfile","Active","NoiCloudAccount","Enabled","Enabled","N/A","Enabled","2026-03-14 06:00"
"MINI-HR-AVXWLI","Enabled","BlockedByProfile","NoiCloudAccount","BlockedByProfile","DisabledByUser","AllBlocked","Enabled","2026-03-12 07:38"
"MAC-DEV-CXOXMI","Disabled","BlockedByProfile","N/A","BlockedByProfile","Enabled","AllBlocked","Enabled","2026-03-15 17:45"
"MAC-SEC-YFMTRE","BlockedByProfile","Active","BlockedByProfile","Disabled","Enabled","AllBlocked","DisabledByUser","2026-03-12 22:17"
"STUDIO-DEV-GJEYUV","Enabled","N/A","LikelyEnabled","Enabled","BlockedByProfile","PartiallyManaged","DisabledByUser","2026-03-16 18:12"
"MBA-OPS-QVNYAT","Enabled","N/A","LikelyEnabled","Enabled","Unknown","AllBlocked","Enabled","2026-03-11 23:38"
"STUDIO-HR-QAHCEC","N/A","Inactive","BlockedByProfile","Enabled","Enabled","Available","Enabled","2026-03-18 08:51"
"MBA-MKT-PBWUTY","Enabled","Inactive","BlockedByProfile","Disabled","DisabledByUser","AllBlocked","DisabledByUser","2026-03-09 20:50"
"MBP-EXEC-BERLXS","BlockedByProfile","N/A","LikelyEnabled","N/A","Enabled","Available","Enabled","2026-03-09 05:17"
"MINI-DEV-LRIHUO","N/A","N/A","BlockedByProfile","Disabled","Enabled","Available","DisabledByUser","2026-03-18 23:14"
"MINI-MKT-MLAUWZ","Enabled","Inactive","NoiCloudAccount","Enabled","BlockedByProfile","N/A","Enabled","2026-03-07 14:04"
"MBA-ENG-ENTQSI","Disabled","BlockedByProfile","LikelyEnabled","Enabled","Enabled","Available","BlockedByProfile","2026-03-18 04:10"
"STUDIO-HR-PDKWCI","Disabled","BlockedByProfile","N/A","BlockedByProfile","Enabled","Available","DisabledByUser","2026-03-15 13:18"
"STUDIO-LEGAL-SEHBRG","BlockedByProfile","Active","BlockedByProfile","Enabled","Enabled","Available","DisabledByUser","2026-03-15 03:24"
"MAC-HR-DDUPXL","Disabled","Inactive","LikelyEnabled","BlockedByProfile","Enabled","AllBlocked","Enabled","2026-03-08 14:20"
"STUDIO-IT-KQMTDN","Enabled","Active","BlockedByProfile","Enabled","Enabled","Available","BlockedByProfile","2026-03-15 19:11"
"MBP-ENG-HESLGP","BlockedByProfile","Configured","LikelyEnabled","Enabled","DisabledByUser","N/A","Enabled","2026-03-20 10:23"
"MINI-HR-CHSUQQ","BlockedByProfile","BlockedByProfile","NoiCloudAccount","Disabled","Enabled","N/A","Unknown","2026-03-18 05:16"
"MINI-DEV-JFLQXS","Enabled","N/A","BlockedByProfile","Enabled","DisabledByUser","AllBlocked","Enabled","2026-03-13 18:29"
"STUDIO-OPS-WCNVBA","N/A","BlockedByProfile","BlockedByProfile","Enabled","Enabled","N/A","BlockedByProfile","2026-03-14 15:11"
"IMAC-EXEC-ZFTPFF","Disabled","Inactive","BlockedByProfile","BlockedByProfile","DisabledByUser","PartiallyManaged","Enabled","2026-03-07 08:34"
"MBA-OPS-DEQIJD","Disabled","Active","NoiCloudAccount","Disabled","Enabled","N/A","DisabledByUser","2026-03-17 04:13"
"MBP-EXEC-VPMGLP","Enabled","N/A","LikelyEnabled","Enabled","BlockedByProfile","PartiallyManaged","Unknown","2026-03-18 03:47"
"IMAC-DEV-RIIVUQ","N/A","BlockedByProfile","LikelyEnabled","Disabled","Enabled","AllBlocked","Enabled","2026-03-09 18:41"
"STUDIO-OPS-UWGPKS","Enabled","N/A","NoiCloudAccount","BlockedByProfile","DisabledByUser","Available","DisabledByUser","2026-03-19 23:31"
"STUDIO-FIN-QOQTXX","BlockedByProfile","Inactive","NoiCloudAccount","BlockedByProfile","Enabled","Available","Enabled","2026-03-08 01:59"
"MINI-FIN-AOXZSY","Disabled","N/A","BlockedByProfile","BlockedByProfile","Enabled","AllBlocked","Unknown","2026-03-10 16:19"
"MINI-MKT-XADJXV","Disabled","Inactive","LikelyEnabled","BlockedByProfile","BlockedByProfile","AllBlocked","Enabled","2026-03-18 09:34"
"MINI-OPS-ANTOGG","BlockedByProfile","Inactive","LikelyEnabled","N/A","Enabled","N/A","Enabled","2026-03-17 11:07"
"STUDIO-EXEC-XEZJGI","BlockedByProfile","N/A","NoiCloudAccount","BlockedByProfile","Enabled","AllBlocked","DisabledByUser","2026-03-16 02:35"
"MBA-MKT-TMXISZ","Enabled","Active","LikelyEnabled","Enabled","Enabled","N/A","Enabled","2026-03-13 17:10"
"MBP-DEV-NKHQRB","Enabled","BlockedByProfile","BlockedByProfile","BlockedByProfile","BlockedByProfile","PartiallyManaged","DisabledByUser","2026-03-15 00:50"
"MBP-OPS-QYXBDW","Disabled","BlockedByProfile","LikelyEnabled","Enabled","Enabled","Available","Enabled","2026-03-15 04:14"
"MINI-DEV-YMOFSZ","N/A","N/A","N/A","BlockedByProfile","BlockedByProfile","Available","BlockedByProfile","2026-03-12 02:09"
"IMAC-HR-MXZKES","Disabled","Active","LikelyEnabled","Disabled","Enabled","N/A","Enabled","2026-03-12 20:51"
"STUDIO-FIN-PVDNLQ","BlockedByProfile","Configured","LikelyEnabled","Disabled","DisabledByUser","AllBlocked","BlockedByProfile","2026-03-15 14:02"
"STUDIO-IT-QHSRLN","BlockedByProfile","N/A","LikelyEnabled","Enabled","Enabled","Available","DisabledByUser","2026-03-18 23:57"
"MINI-FIN-MUJAOK","Enabled","BlockedByProfile","LikelyEnabled","Disabled","Enabled","Available","Enabled","2026-03-07 17:42"
"STUDIO-SEC-OOGQPI","BlockedByProfile","Active","BlockedByProfile","Disabled","Enabled","PartiallyManaged","DisabledByUser","2026-03-11 13:42"
"MBA-LEGAL-JOWMSZ","Disabled","Active","LikelyEnabled","Disabled","BlockedByProfile","Available","Enabled","2026-03-18 09:31"
"IMAC-HR-SJQZTR","Enabled","Active","BlockedByProfile","Enabled","Enabled","N/A","Enabled","2026-03-10 06:38"
"STUDIO-LEGAL-LQHERU","Enabled","BlockedByProfile","LikelyEnabled","Enabled","Enabled","AllBlocked","DisabledByUser","2026-03-13 19:56"
"MBP-IT-RCUNMO","BlockedByProfile","Active","NoiCloudAccount","Enabled","Unknown","N/A","DisabledByUser","2026-03-08 15:49"
"STUDIO-EXEC-TJBGNW","Enabled","Inactive","NoiCloudAccount","BlockedByProfile","Enabled","N/A","Enabled","2026-03-08 06:09"
"MBA-ENG-TQNPTM","Disabled","BlockedByProfile","NoiCloudAccount","Enabled","Enabled","PartiallyManaged","Enabled","2026-03-14 20:25"
"MAC-OPS-OQATUL","BlockedByProfile","N/A","LikelyEnabled","Enabled","Enabled","Available","Enabled","2026-03-17 14:22"
"IMAC-EXEC-HMGRUG","BlockedByProfile","Active","NoiCloudAccount","Disabled","Enabled","Available","Enabled","2026-03-18 16:00"
"MBA-DEV-YYRDYX","BlockedByProfile","Configured","LikelyEnabled","BlockedByProfile","DisabledByUser","AllBlocked","Enabled","2026-03-11 22:28"
"MBP-EXEC-EFORXR","Enabled","Active","NoiCloudAccount","BlockedByProfile","Enabled","Available","BlockedByProfile","2026-03-10 11:35"
"MAC-ENG-LLMJRE","Enabled","Active","BlockedByProfile","Enabled","DisabledByUser","Available","BlockedByProfile","2026-03-09 10:31"
"STUDIO-ENG-YOSOZI","Enabled","Active","LikelyEnabled","BlockedByProfile","Enabled","N/A","DisabledByUser","2026-03-19 20:23"
"MBP-DEV-UNVWIS","Enabled","BlockedByProfile","BlockedByProfile","N/A","DisabledByUser","PartiallyManaged","BlockedByProfile","2026-03-19 19:57"
"MAC-MKT-VEWYMW","BlockedByProfile","BlockedByProfile","N/A","Enabled","DisabledByUser","Available","DisabledByUser","2026-03-10 00:41"
"MBA-SEC-KBUFTX","Enabled","N/A","BlockedByProfile","BlockedByProfile","DisabledByUser","PartiallyManaged","BlockedByProfile","2026-03-16 05:52"
"MBP-HR-UGPRXO","BlockedByProfile","Active","NoiCloudAccount","Enabled","Enabled","AllBlocked","BlockedByProfile","2026-03-20 08:25"
"MBA-ENG-HWIQIY","BlockedByProfile","BlockedByProfile","BlockedByProfile","BlockedByProfile","Enabled","PartiallyManaged","DisabledByUser","2026-03-19 19:47"
"STUDIO-FIN-KAAESA","BlockedByProfile","Configured","LikelyEnabled","Disabled","Unknown","Available","DisabledByUser","2026-03-14 21:11"
"IMAC-HR-EPOBBF","BlockedByProfile","Active","NoiCloudAccount","N/A","Enabled","AllBlocked","BlockedByProfile","2026-03-10 04:57"
"MBA-DEV-MIEOZX","Enabled","Active","BlockedByProfile","BlockedByProfile","Unknown","Available","DisabledByUser","2026-03-12 13:49"
"STUDIO-ENG-OVTRCO","Enabled","Active","BlockedByProfile","BlockedByProfile","DisabledByUser","PartiallyManaged","DisabledByUser","2026-03-12 16:25"
"IMAC-OPS-IIRVVL","Enabled","BlockedByProfile","LikelyEnabled","BlockedByProfile","DisabledByUser","PartiallyManaged","BlockedByProfile","2026-03-15 04:28"
"MBP-LEGAL-SHQHZP","BlockedByProfile","Active","LikelyEnabled","Disabled","BlockedByProfile","Available","DisabledByUser","2026-03-09 17:33"
"MBA-ENG-BGELWY","Enabled","Inactive","LikelyEnabled","Disabled","Enabled","N/A","BlockedByProfile","2026-03-20 05:20"
"IMAC-MKT-GQJXAM","Enabled","Active","NoiCloudAccount","Enabled","Enabled","Available","Enabled","2026-03-16 01:57"
"STUDIO-MKT-MQAHRR","Enabled","BlockedByProfile","NoiCloudAccount","BlockedByProfile","BlockedByProfile","PartiallyManaged","DisabledByUser","2026-03-14 22:11"
"MINI-HR-XVBYBM","BlockedByProfile","Active","N/A","N/A","BlockedByProfile","AllBlocked","DisabledByUser","2026-03-16 07:50"
"MBP-LEGAL-QPBMVF","BlockedByProfile","Active","LikelyEnabled","BlockedByProfile","BlockedByProfile","Available","Enabled","2026-03-13 02:19"
"STUDIO-EXEC-WCRQFM","Enabled","Active","LikelyEnabled","Disabled","BlockedByProfile","PartiallyManaged","DisabledByUser","2026-03-06 18:07"
"MAC-LEGAL-SWPOLS","Enabled","N/A","NoiCloudAccount","Enabled","DisabledByUser","N/A","BlockedByProfile","2026-03-10 10:17"
"MBA-DEV-FZHOGB","Disabled","N/A","LikelyEnabled","Disabled","Enabled","Available","Enabled","2026-03-12 13:43"
"MBA-OPS-BARIEG","Disabled","BlockedByProfile","LikelyEnabled","Disabled","Enabled","AllBlocked","BlockedByProfile","2026-03-16 13:02"
"MBA-LEGAL-NPQAYZ","BlockedByProfile","Active","BlockedByProfile","Enabled","DisabledByUser","Available","Enabled","2026-03-14 17:29"
"STUDIO-OPS-THTNHZ","Enabled","BlockedByProfile","LikelyEnabled","Enabled","Enabled","PartiallyManaged","Enabled","2026-03-14 03:09"
"MAC-OPS-ZPUPSN","Enabled","Inactive","NoiCloudAccount","Enabled","Enabled","AllBlocked","Enabled","2026-03-18 15:34"
"STUDIO-HR-YUFTVG","Enabled","Active","NoiCloudAccount","Enabled","Enabled","PartiallyManaged","Enabled","2026-03-17 17:06"
"MINI-ENG-TJRAPO","Disabled","Active","BlockedByProfile","Enabled","Enabled","Available","Enabled","2026-03-14 12:31"
"MINI-ENG-FLYKUP","Enabled","Active","LikelyEnabled","N/A","Enabled","Available","Enabled","2026-03-13 18:48"
"STUDIO-LEGAL-BTDEIA","Disabled","N/A","LikelyEnabled","BlockedByProfile","BlockedByProfile","AllBlocked","Enabled","2026-03-15 03:06"
"MAC-ENG-XPHXAD","Enabled","Active","LikelyEnabled","Enabled","Enabled","AllBlocked","DisabledByUser","2026-03-11 07:18"
"MINI-DEV-KPAKZE","Enabled","BlockedByProfile","LikelyEnabled","Enabled","Enabled","PartiallyManaged","Enabled","2026-03-08 15:35"
"MAC-IT-AITKMF","Disabled","Active","LikelyEnabled","Enabled","BlockedByProfile","Available","DisabledByUser","2026-03-16 18:00"
"IMAC-SEC-TNWSIY","Enabled","BlockedByProfile","LikelyEnabled","Enabled","Enabled","PartiallyManaged","DisabledByUser","2026-03-08 18:03"
"IMAC-LEGAL-DRUFKU","N/A","N/A","BlockedByProfile","BlockedByProfile","Enabled","AllBlocked","Unknown","2026-03-10 21:06"
"IMAC-ENG-ATTRFD","Disabled","Inactive","N/A","Enabled","DisabledByUser","Available","Enabled","2026-03-14 12:10"
"STUDIO-EXEC-GGJOGA","Disabled","Active","NoiCloudAccount","Enabled","Enabled","PartiallyManaged","Enabled","2026-03-19 12:58"
"MAC-MKT-JSEELG","Enabled","Active","NoiCloudAccount","Enabled","DisabledByUser","AllBlocked","DisabledByUser","2026-03-13 02:27"
"STUDIO-LEGAL-HZKTGI","Disabled","N/A","BlockedByProfile","N/A","Enabled","Available","DisabledByUser","2026-03-13 06:03"
"MINI-FIN-TSNDPF","Enabled","N/A","BlockedByProfile","Enabled","Enabled","Available","DisabledByUser","2026-03-18 06:00"
"IMAC-ENG-FIMUBW","Disabled","N/A","LikelyEnabled","Disabled","Enabled","PartiallyManaged","Enabled","2026-03-17 11:29"
"MINI-HR-UVPSVT","Enabled","Inactive","NoiCloudAccount","Enabled","Enabled","AllBlocked","Enabled","2026-03-20 02:06"
"STUDIO-SEC-VMIDZI","Disabled","BlockedByProfile","NoiCloudAccount","BlockedByProfile","Enabled","N/A","BlockedByProfile","2026-03-10 14:22"
"MBP-EXEC-DLBQDJ","BlockedByProfile","BlockedByProfile","NoiCloudAccount","Enabled","Enabled","PartiallyManaged","DisabledByUser","2026-03-14 22:53"
"IMAC-OPS-AJMGXR","Disabled","Active","N/A","Enabled","DisabledByUser","Available","Enabled","2026-03-15 02:52"
"MBP-DEV-IUMGJS","Disabled","BlockedByProfile","LikelyEnabled","Enabled","Enabled","N/A","Enabled","2026-03-16 06:54"
"MINI-MKT-NBXPDK","Enabled","Inactive","LikelyEnabled","Enabled","Enabled","Available","BlockedByProfile","2026-03-16 04:16"
"STUDIO-FIN-QSDDBD","Enabled","BlockedByProfile","LikelyEnabled","Enabled","DisabledByUser","Available","BlockedByProfile","2026-03-14 19:58"
"MBA-DEV-NYWANG","BlockedByProfile","Active","LikelyEnabled","Enabled","Enabled","AllBlocked","DisabledByUser","2026-03-20 00:14"
"STUDIO-FIN-DPXTLP","Enabled","Active","LikelyEnabled","Disabled","Enabled","Available","Enabled","2026-03-18 05:00"
"MAC-HR-IXTUSP","Enabled","BlockedByProfile","LikelyEnabled","Enabled","Enabled","PartiallyManaged","DisabledByUser","2026-03-14 11:08"
"MINI-FIN-ZQYQDS","BlockedByProfile","Inactive","BlockedByProfile","Enabled","Enabled","Available","Enabled","2026-03-08 08:33"
"MBP-IT-YTEKTJ","Disabled","Configured","NoiCloudAccount","Disabled","Enabled","N/A","DisabledByUser","2026-03-08 11:48"
"MAC-EXEC-TSEQRR","Enabled","Active","LikelyEnabled","Disabled","Enabled","PartiallyManaged","BlockedByProfile","2026-03-16 09:54"
"MINI-EXEC-PHNWAJ","BlockedByProfile","BlockedByProfile","LikelyEnabled","Enabled","BlockedByProfile","N/A","DisabledByUser","2026-03-08 17:23"
"MBA-HR-XXAILS","BlockedByProfile","Active","NoiCloudAccount","Disabled","BlockedByProfile","Available","Enabled","2026-03-10 10:12"
"MINI-OPS-QPATAZ","Disabled","Active","LikelyEnabled","BlockedByProfile","DisabledByUser","PartiallyManaged","DisabledByUser","2026-03-19 22:34"
"MBP-FIN-CMORKH","Disabled","Inactive","NoiCloudAccount","Disabled","DisabledByUser","N/A","Unknown","2026-03-16 14:24"
"MBA-IT-GDMPYU","BlockedByProfile","Active","BlockedByProfile","N/A","Enabled","Available","BlockedByProfile","2026-03-08 01:59"
"MBA-EXEC-ETVEQY","Disabled","Active","NoiCloudAccount","N/A","Unknown","N/A","DisabledByUser","2026-03-09 06:01"
"MBA-SEC-DVEAKZ","BlockedByProfile","Active","NoiCloudAccount","Enabled","DisabledByUser","PartiallyManaged","Unknown","2026-03-13 15:33"
"IMAC-HR-UGMITP","Disabled","N/A","LikelyEnabled","BlockedByProfile","Enabled","AllBlocked","DisabledByUser","2026-03-07 05:39"
"MINI-DEV-DPBBSL","Enabled","BlockedByProfile","BlockedByProfile","BlockedByProfile","DisabledByUser","Available","Unknown","2026-03-16 17:52"
"MBA-FIN-PDYHIQ","N/A","Active","NoiCloudAccount","Enabled","Enabled","PartiallyManaged","Unknown","2026-03-15 20:54"
"IMAC-DEV-BGGPHO","Enabled","BlockedByProfile","LikelyEnabled","Disabled","Enabled","Available","Enabled","2026-03-09 08:58"
"MAC-IT-YIZERY","BlockedByProfile","Active","LikelyEnabled","N/A","Enabled","Available","DisabledByUser","2026-03-09 17:01"
"MINI-FIN-SXCKDS","BlockedByProfile","Inactive","BlockedByProfile","Disabled","Enabled","N/A","DisabledByUser","2026-03-15 22:33"
"MINI-DEV-WGCQHF","Disabled","BlockedByProfile","LikelyEnabled","Disabled","DisabledByUser","Available","DisabledByUser","2026-03-09 18:18"
"STUDIO-IT-YUJKJV","Enabled","N/A","LikelyEnabled","Enabled","Enabled","Available","Enabled","2026-03-17 22:16"
"MAC-IT-JQCSQM","Disabled","BlockedByProfile","LikelyEnabled","Enabled","DisabledByUser","AllBlocked","DisabledByUser","2026-03-16 05:48"
"MAC-OPS-PAVVLJ","N/A","Active","LikelyEnabled","Enabled","Enabled","Available","BlockedByProfile","2026-03-10 20:34"
"MAC-SEC-CVSUKM","Enabled","Active","BlockedByProfile","Disabled","DisabledByUser","AllBlocked","Enabled","2026-03-13 01:51"
"MINI-HR-HEOTCQ","Disabled","Active","LikelyEnabled","Enabled","Enabled","N/A","BlockedByProfile","2026-03-11 21:17"
"STUDIO-FIN-OTKWAF","Enabled","Active","LikelyEnabled","N/A","BlockedByProfile","AllBlocked","Enabled","2026-03-16 13:19"
"MBP-OPS-RQHZXT","Enabled","BlockedByProfile","LikelyEnabled","BlockedByProfile","Enabled","AllBlocked","Enabled","2026-03-20 05:48"
"IMAC-EXEC-YBXIOS","Enabled","Active","LikelyEnabled","Enabled","Enabled","PartiallyManaged","Enabled","2026-03-13 20:17"
"IMAC-IT-IAIZCM","Enabled","Active","LikelyEnabled","Enabled","Enabled","Available","BlockedByProfile","2026-03-12 08:02"
"IMAC-IT-OFEUUK","Disabled","Active","NoiCloudAccount","BlockedByProfile","Enabled","Available","BlockedByProfile","2026-03-20 06:59"
"MINI-MKT-OJMDWL","BlockedByProfile","N/A","LikelyEnabled","BlockedByProfile","Enabled","N/A","Enabled","2026-03-18 23:27"
"MINI-OPS-NCIVVZ","Enabled","N/A","LikelyEnabled","N/A","DisabledByUser","AllBlocked","DisabledByUser","2026-03-07 01:51"
"MBA-IT-FHAVKD","Disabled","Active","LikelyEnabled","Disabled","Enabled","AllBlocked","Enabled","2026-03-14 18:04"
"MINI-EXEC-NELBQP","Enabled","Active","LikelyEnabled","Disabled","Unknown","PartiallyManaged","Unknown","2026-03-16 16:40"
"STUDIO-MKT-WXHYYT","N/A","Active","LikelyEnabled","Enabled","Enabled","N/A","BlockedByProfile","2026-03-06 18:35"
"MBP-SEC-TFQWUS","Disabled","Active","LikelyEnabled","Enabled","Enabled","Available","DisabledByUser","2026-03-13 14:57"
"MBA-LEGAL-PEJLZM","Enabled","Configured","LikelyEnabled","Disabled","BlockedByProfile","Available","Enabled","2026-03-19 01:58"
"MAC-IT-HFOQFF","BlockedByProfile","BlockedByProfile","BlockedByProfile","Enabled","DisabledByUser","PartiallyManaged","Enabled","2026-03-12 19:53"
"IMAC-LEGAL-LRETNV","Disabled","N/A","LikelyEnabled","Enabled","BlockedByProfile","PartiallyManaged","Enabled","2026-03-14 15:42"
"MBA-EXEC-PCCCTZ","Enabled","N/A","BlockedByProfile","Disabled","BlockedByProfile","AllBlocked","Enabled","2026-03-17 02:00"
"MBA-EXEC-TENQWF","N/A","Active","LikelyEnabled","Enabled","Enabled","AllBlocked","DisabledByUser","2026-03-08 01:53"
"IMAC-LEGAL-NCBZPK","Disabled","BlockedByProfile","NoiCloudAccount","Enabled","BlockedByProfile","Available","Enabled","2026-03-12 02:02"
"MAC-FIN-NOJMZV","BlockedByProfile","Configured","BlockedByProfile","Enabled","DisabledByUser","AllBlocked","BlockedByProfile","2026-03-12 19:18"
"MINI-DEV-IBUGHU","BlockedByProfile","Active","LikelyEnabled","Enabled","BlockedByProfile","AllBlocked","Enabled","2026-03-06 20:57"
"MBA-FIN-NFEAUV","Enabled","Active","BlockedByProfile","BlockedByProfile","BlockedByProfile","AllBlocked","Enabled","2026-03-13 23:27"
"MAC-MKT-SWZEAS","Disabled","BlockedByProfile","BlockedByProfile","Enabled","Enabled","AllBlocked","Enabled","2026-03-11 06:33"
"MBA-LEGAL-DKCHNG","Disabled","BlockedByProfile","LikelyEnabled","N/A","DisabledByUser","N/A","Enabled","2026-03-12 16:15"
"IMAC-IT-AESQPL","Enabled","BlockedByProfile","NoiCloudAccount","N/A","Enabled","Available","Enabled","2026-03-13 03:38"
"IMAC-DEV-MVABOQ","Enabled","Active","NoiCloudAccount","BlockedByProfile","Enabled","AllBlocked","Enabled","2026-03-14 15:28"
"MBP-HR-MSGMOB","BlockedByProfile","Active","NoiCloudAccount","Disabled","BlockedByProfile","Available","BlockedByProfile","2026-03-13 00:08"
"MBP-EXEC-JRHXDL","Enabled","Configured","BlockedByProfile","Disabled","Enabled","AllBlocked","Enabled","2026-03-08 05:10"
"MAC-DEV-WYRJSC","Enabled","BlockedByProfile","NoiCloudAccount","Enabled","Enabled","AllBlocked","Enabled","2026-03-09 11:50"
"MAC-LEGAL-HPFFOD","Disabled","Inactive","LikelyEnabled","Enabled","BlockedByProfile","Available","BlockedByProfile","2026-03-08 03:37"
"MBA-LEGAL-NWCENM","Disabled","N/A","NoiCloudAccount","Enabled","Enabled","PartiallyManaged","Unknown","2026-03-09 18:02"
"MBA-ENG-YXQZGV","Disabled","Configured","LikelyEnabled","N/A","DisabledByUser","AllBlocked","Enabled","2026-03-19 18:42"
"MBA-IT-WCXIIQ","BlockedByProfile","BlockedByProfile","NoiCloudAccount","Enabled","DisabledByUser","PartiallyManaged","Enabled","2026-03-17 23:52"
"MINI-LEGAL-HYCXEK","Enabled","Inactive","LikelyEnabled","Enabled","BlockedByProfile","AllBlocked","BlockedByProfile","2026-03-13 12:32"
"MINI-FIN-DCZRRP","Disabled","Inactive","BlockedByProfile","Enabled","Enabled","PartiallyManaged","Enabled","2026-03-11 13:25"
"STUDIO-EXEC-UVLZEW","N/A","BlockedByProfile","NoiCloudAccount","Enabled","Enabled","Available","Enabled","2026-03-06 15:40"
"STUDIO-FIN-QCDNGQ","BlockedByProfile","Active","NoiCloudAccount","Enabled","Enabled","Available","BlockedByProfile","2026-03-09 21:24"
"MINI-FIN-EECBDY","Enabled","Active","BlockedByProfile","BlockedByProfile","Enabled","N/A","Enabled","2026-03-09 06:31"
"IMAC-OPS-WOKTIE","BlockedByProfile","Active","LikelyEnabled","Enabled","BlockedByProfile","N/A","DisabledByUser","2026-03-11 11:27"
"STUDIO-MKT-EUKKYZ","Enabled","BlockedByProfile","NoiCloudAccount","Disabled","Enabled","AllBlocked","Unknown","2026-03-09 03:56"
"MINI-SEC-TKDGDK","Disabled","BlockedByProfile","LikelyEnabled","Enabled","Enabled","PartiallyManaged","DisabledByUser","2026-03-07 17:20"
"MBP-ENG-BYAFQV","BlockedByProfile","Configured","NoiCloudAccount","Enabled","DisabledByUser","Available","Enabled","2026-03-17 19:06"
"MBP-SEC-OVBCYF","Disabled","N/A","LikelyEnabled","Enabled","DisabledByUser","N/A","Enabled","2026-03-12 15:22"
"MAC-FIN-PHDHBA","Disabled","N/A","LikelyEnabled","Disabled","Enabled","Available","Enabled","2026-03-11 17:04"
"MBP-IT-IWPAUY","BlockedByProfile","N/A","LikelyEnabled","BlockedByProfile","Enabled","N/A","BlockedByProfile","2026-03-06 15:37"
"MBA-ENG-ZZSIIN","BlockedByProfile","Active","NoiCloudAccount","Disabled","BlockedByProfile","Available","BlockedByProfile","2026-03-18 19:25"
"MAC-MKT-OLNZMW","Disabled","BlockedByProfile","LikelyEnabled","Disabled","DisabledByUser","AllBlocked","BlockedByProfile","2026-03-14 11:40"
"STUDIO-EXEC-MFVQGV","Disabled","Inactive","N/A","BlockedByProfile","BlockedByProfile","Available","Unknown","2026-03-08 20:31"
"MBP-DEV-VVFZKW","Disabled","Active","LikelyEnabled","BlockedByProfile","Enabled","Available","Enabled","2026-03-16 05:28"
"MINI-DEV-UITWFS","Disabled","N/A","N/A","Disabled","Enabled","Available","DisabledByUser","2026-03-09 05:05"
"MBP-OPS-GBVTZF","Enabled","Configured","LikelyEnabled","Disabled","Enabled","Available","DisabledByUser","2026-03-12 19:23"
"IMAC-OPS-VTLDKJ","Enabled","Active","NoiCloudAccount","BlockedByProfile","Enabled","N/A","Enabled","2026-03-18 23:50"
"MBA-IT-OXRCQR","Disabled","Configured","NoiCloudAccount","Enabled","Enabled","AllBlocked","DisabledByUser","2026-03-14 02:24"
"STUDIO-LEGAL-LSGJFQ","Disabled","BlockedByProfile","BlockedByProfile","Disabled","BlockedByProfile","PartiallyManaged","Enabled","2026-03-18 20:52"
"IMAC-OPS-TBGXQC","BlockedByProfile","Active","LikelyEnabled","Enabled","Enabled","Available","DisabledByUser","2026-03-12 19:15"
"MBA-ENG-IEQYXW","Enabled","BlockedByProfile","NoiCloudAccount","Disabled","BlockedByProfile","Available","DisabledByUser","2026-03-16 04:05"
"MINI-MKT-WRIUNY","Enabled","Active","LikelyEnabled","Disabled","Enabled","Available","DisabledByUser","2026-03-06 23:41"
"STUDIO-MKT-YLEUTX","Disabled","BlockedByProfile","LikelyEnabled","BlockedByProfile","Enabled","Available","Unknown","2026-03-14 16:08"
"MINI-DEV-YRAYFG","BlockedByProfile","Active","NoiCloudAccount","Enabled","Enabled","Available","Enabled","2026-03-14 21:48"
"MBA-DEV-TVOUOR","BlockedByProfile","Configured","LikelyEnabled","Disabled","BlockedByProfile","AllBlocked","Enabled","2026-03-12 02:30"
"MAC-OPS-LDGBTG","BlockedByProfile","Configured","LikelyEnabled","BlockedByProfile","Enabled","N/A","DisabledByUser","2026-03-15 19:53"
"MAC-EXEC-HQMMLX","Enabled","Active","LikelyEnabled","BlockedByProfile","Enabled","N/A","Enabled","2026-03-13 19:41"
"MAC-SEC-CGHMIA","BlockedByProfile","N/A","BlockedByProfile","BlockedByProfile","Enabled","AllBlocked","BlockedByProfile","2026-03-19 22:54"
"IMAC-FIN-EBOGTJ","BlockedByProfile","BlockedByProfile","LikelyEnabled","Enabled","BlockedByProfile","AllBlocked","Enabled","2026-03-16 05:43"
"IMAC-LEGAL-YQJALC","Enabled","Active","BlockedByProfile","BlockedByProfile","Unknown","N/A","Enabled","2026-03-15 01:52"
"STUDIO-DEV-ALWFRT","N/A","Active","NoiCloudAccount","Disabled","Enabled","N/A","Enabled","2026-03-16 23:57"
"MAC-ENG-XKATWL","Disabled","Active","NoiCloudAccount","Disabled","Unknown","Available","Enabled","2026-03-17 18:32"
"STUDIO-IT-YTWYYV","Enabled","BlockedByProfile","LikelyEnabled","Disabled","Enabled","AllBlocked","Enabled","2026-03-07 13:46"
"IMAC-LEGAL-IYKXFG","Disabled","Active","LikelyEnabled","Disabled","Unknown","PartiallyManaged","BlockedByProfile","2026-03-17 04:23"
"STUDIO-LEGAL-KPJIWB","Disabled","Active","N/A","Enabled","DisabledByUser","AllBlocked","Enabled","2026-03-12 11:54"
"IMAC-SEC-VVZQVC","Enabled","BlockedByProfile","NoiCloudAccount","BlockedByProfile","BlockedByProfile","Available","Enabled","2026-03-19 11:09"
"IMAC-DEV-YBYAHP","N/A","Active","BlockedByProfile","BlockedByProfile","DisabledByUser","Available","Enabled","2026-03-08 06:05"
"STUDIO-LEGAL-UHVRKL","Disabled","BlockedByProfile","LikelyEnabled","Enabled","DisabledByUser","Available","Enabled","2026-03-12 08:26"
"IMAC-DEV-IASRGC","Enabled","Inactive","NoiCloudAccount","Enabled","DisabledByUser","Available","Enabled","2026-03-14 23:25"
"MBA-SEC-RGZQTU","Disabled","Active","BlockedByProfile","Disabled","DisabledByUser","Available","Enabled","2026-03-09 21:46"
"MINI-SEC-ZBYOLU","Enabled","Configured","LikelyEnabled","N/A","Unknown","Available","BlockedByProfile","2026-03-20 06:43"
"MINI-LEGAL-DPREKY","Disabled","Inactive","LikelyEnabled","Disabled","Enabled","Available","Unknown","2026-03-11 06:08"
"MBP-EXEC-WNGWOT","BlockedByProfile","Active","BlockedByProfile","Disabled","Enabled","Available","Enabled","2026-03-09 03:13"
"MAC-IT-IHXTFU","Disabled","Inactive","LikelyEnabled","BlockedByProfile","Enabled","AllBlocked","BlockedByProfile","2026-03-11 20:56"
"MBP-LEGAL-DNXMKM","BlockedByProfile","BlockedByProfile","BlockedByProfile","BlockedByProfile","Enabled","N/A","BlockedByProfile","2026-03-07 08:38"
"IMAC-HR-CMGCKT","BlockedByProfile","BlockedByProfile","LikelyEnabled","Enabled","BlockedByProfile","Available","Enabled","2026-03-13 03:59"
"IMAC-EXEC-IJUYPB","Enabled","Active","LikelyEnabled","Enabled","DisabledByUser","AllBlocked","BlockedByProfile","2026-03-11 10:44"
"MINI-OPS-HFSVDQ","Disabled","Inactive","LikelyEnabled","Enabled","Enabled","Available","Enabled","2026-03-19 23:52"
"MAC-HR-JJZOQM","Enabled","BlockedByProfile","LikelyEnabled","Enabled","Enabled","AllBlocked","Unknown","2026-03-20 01:24"
"STUDIO-DEV-HPQJIY","Enabled","N/A","LikelyEnabled","Disabled","BlockedByProfile","Available","Enabled","2026-03-08 23:57"
"MINI-MKT-STSAQT","Disabled","Configured","LikelyEnabled","Enabled","Enabled","Available","DisabledByUser","2026-03-11 13:14"
"MAC-HR-OOALVS","Disabled","BlockedByProfile","NoiCloudAccount","N/A","DisabledByUser","N/A","DisabledByUser","2026-03-15 20:56"
"MINI-HR-PXOIYN","Enabled","BlockedByProfile","LikelyEnabled","Disabled","BlockedByProfile","AllBlocked","Enabled","2026-03-16 03:54"
"MBP-OPS-HEYZHP","Disabled","BlockedByProfile","LikelyEnabled","N/A","Enabled","AllBlocked","Enabled","2026-03-16 07:26"
"MAC-EXEC-SRYTNN","BlockedByProfile","Configured","LikelyEnabled","Enabled","BlockedByProfile","Available","Unknown","2026-03-07 19:46"
"IMAC-EXEC-GQQHIY","BlockedByProfile","Active","LikelyEnabled","Enabled","Enabled","Available","Enabled","2026-03-16 12:14"
"STUDIO-OPS-YNMKFL","Disabled","Configured","LikelyEnabled","Enabled","Enabled","Available","BlockedByProfile","2026-03-08 08:56"
"MINI-LEGAL-OJIGJW","BlockedByProfile","Active","NoiCloudAccount","Enabled","Enabled","PartiallyManaged","Enabled","2026-03-08 17:02"
"MINI-ENG-RHFKLX","Disabled","Active","LikelyEnabled","Enabled","DisabledByUser","Available","Enabled","2026-03-16 22:42"
"MBA-EXEC-NIHLLT","BlockedByProfile","BlockedByProfile","LikelyEnabled","N/A","DisabledByUser","N/A","DisabledByUser","2026-03-16 14:57"
"STUDIO-SEC-JHJRTE","Enabled","Inactive","LikelyEnabled","BlockedByProfile","Enabled","AllBlocked","BlockedByProfile","2026-03-11 08:09"
"IMAC-MKT-SWFAJP","N/A","N/A","N/A","N/A","Enabled","AllBlocked","Enabled","2026-03-14 13:42"
"MINI-DEV-FIRRVU","BlockedByProfile","Active","NoiCloudAccount","Enabled","Enabled","PartiallyManaged","Enabled","2026-03-12 16:56"
"MAC-MKT-JKUXIQ","BlockedByProfile","Active","LikelyEnabled","N/A","Enabled","AllBlocked","BlockedByProfile","2026-03-06 13:25"
"IMAC-EXEC-KBXYZU","Enabled","Active","NoiCloudAccount","Enabled","DisabledByUser","PartiallyManaged","Enabled","2026-03-07 23:13"
"MBA-DEV-EONHVN","BlockedByProfile","BlockedByProfile","LikelyEnabled","Enabled","DisabledByUser","Available","Enabled","2026-03-12 00:21"
"MAC-ENG-YOIQZL","Disabled","BlockedByProfile","NoiCloudAccount","Disabled","Enabled","Available","Enabled","2026-03-11 07:25"
"MINI-IT-CZODHY","Disabled","Configured","LikelyEnabled","Enabled","DisabledByUser","N/A","Enabled","2026-03-14 04:48"
"IMAC-MKT-MKAAAF","Enabled","Active","LikelyEnabled","Enabled","DisabledByUser","Available","DisabledByUser","2026-03-13 11:13"
"MINI-SEC-JFJFGY","BlockedByProfile","BlockedByProfile","LikelyEnabled","Disabled","Enabled","N/A","Unknown","2026-03-13 14:30"
"IMAC-OPS-SEOBXP","Disabled","Active","BlockedByProfile","N/A","DisabledByUser","N/A","BlockedByProfile","2026-03-19 12:27"
"MINI-EXEC-TMTYAN","BlockedByProfile","BlockedByProfile","BlockedByProfile","Enabled","DisabledByUser","PartiallyManaged","BlockedByProfile","2026-03-15 18:53"
"MINI-IT-XMKWYY","BlockedByProfile","Active","LikelyEnabled","BlockedByProfile","Enabled","Available","DisabledByUser","2026-03-17 07:33"
"STUDIO-FIN-LKDUGF","Enabled","Inactive","LikelyEnabled","Enabled","BlockedByProfile","Available","DisabledByUser","2026-03-08 16:52"
"IMAC-HR-QEYUQM","Disabled","Inactive","LikelyEnabled","BlockedByProfile","DisabledByUser","AllBlocked","DisabledByUser","2026-03-09 14:55"
"MBA-IT-ZXHHFB","BlockedByProfile","Configured","NoiCloudAccount","Disabled","Enabled","Available","Enabled","2026-03-10 16:19"
"IMAC-EXEC-EQCYKX","Disabled","N/A","LikelyEnabled","Enabled","BlockedByProfile","Available","DisabledByUser","2026-03-15 00:21"
"MAC-DEV-UPSXQR","Enabled","Active","NoiCloudAccount","Disabled","Enabled","Available","DisabledByUser","2026-03-10 13:00"
"MINI-SEC-JNVPVG","BlockedByProfile","Active","LikelyEnabled","Disabled","Enabled","AllBlocked","DisabledByUser","2026-03-17 05:05"
"IMAC-OPS-AHDUPT","Disabled","Configured","LikelyEnabled","BlockedByProfile","Enabled","AllBlocked","BlockedByProfile","2026-03-11 13:03"
"MBP-LEGAL-VKQVGW","Enabled","BlockedByProfile","N/A","Enabled","Enabled","Available","BlockedByProfile","2026-03-13 23:59"
"MBP-HR-EMRKAB","Disabled","Active","LikelyEnabled","Enabled","DisabledByUser","N/A","Enabled","2026-03-12 20:14"
"STUDIO-SEC-DNBCUW","Disabled","Active","BlockedByProfile","Disabled","Enabled","N/A","Unknown","2026-03-18 15:44"
"MBP-OPS-GGEBES","Enabled","N/A","LikelyEnabled","N/A","Enabled","N/A","Unknown","2026-03-07 07:33"
"IMAC-ENG-JSZUER","BlockedByProfile","BlockedByProfile","NoiCloudAccount","Enabled","Enabled","AllBlocked","Enabled","2026-03-10 01:32"
"MAC-OPS-VSZZDR","Disabled","BlockedByProfile","LikelyEnabled","Enabled","Enabled","AllBlocked","DisabledByUser","2026-03-11 23:58"
"MINI-DEV-QCYNTB","Enabled","Active","LikelyEnabled","Disabled","Enabled","Available","DisabledByUser","2026-03-11 09:46"
"MINI-IT-ODRYUJ","Enabled","Active","LikelyEnabled","Enabled","Enabled","N/A","DisabledByUser","2026-03-07 17:27"
"MAC-ENG-IKTLCQ","Disabled","Active","LikelyEnabled","Enabled","Enabled","PartiallyManaged","Enabled","2026-03-20 09:52"
"IMAC-SEC-DYAXWC","Enabled","Active","LikelyEnabled","BlockedByProfile","Enabled","Available","Enabled","2026-03-17 14:49"
"MAC-FIN-KKDIDH","BlockedByProfile","BlockedByProfile","LikelyEnabled","Enabled","Enabled","PartiallyManaged","Enabled","2026-03-13 20:06"
"STUDIO-EXEC-EJULNW","BlockedByProfile","Configured","LikelyEnabled","BlockedByProfile","Enabled","PartiallyManaged","Enabled","2026-03-18 12:22"
"MAC-LEGAL-YVKZRT","Disabled","BlockedByProfile","NoiCloudAccount","Enabled","Enabled","AllBlocked","BlockedByProfile","2026-03-13 08:49"
"IMAC-EXEC-FLANDG","Enabled","BlockedByProfile","LikelyEnabled","Enabled","Enabled","Available","Enabled","2026-03-20 07:27"
"IMAC-EXEC-AQALJB","Disabled","Active","N/A","Enabled","Enabled","Available","DisabledByUser","2026-03-16 01:58"
"STUDIO-OPS-SEHVQT","Disabled","BlockedByProfile","LikelyEnabled","BlockedByProfile","Enabled","Available","Unknown","2026-03-17 16:19"
"MAC-MKT-DMDPOQ","Enabled","Active","LikelyEnabled","Enabled","Enabled","Available","BlockedByProfile","2026-03-17 19:57"
"IMAC-SEC-NWCJUD","BlockedByProfile","BlockedByProfile","LikelyEnabled","Enabled","BlockedByProfile","PartiallyManaged","Enabled","2026-03-09 06:41"
"STUDIO-IT-OHVOYQ","Enabled","Inactive","BlockedByProfile","N/A","BlockedByProfile","Available","DisabledByUser","2026-03-07 08:33"
"MAC-DEV-AXKFNM","Enabled","Configured","NoiCloudAccount","Enabled","Enabled","AllBlocked","BlockedByProfile","2026-03-19 00:55"
"IMAC-EXEC-BMHIHD","BlockedByProfile","Active","BlockedByProfile","BlockedByProfile","Enabled","PartiallyManaged","DisabledByUser","2026-03-09 05:54"
"STUDIO-DEV-ULYOXA","Enabled","Active","BlockedByProfile","Enabled","Enabled","AllBlocked","BlockedByProfile","2026-03-14 02:18"
"MBP-SEC-EHXDSP","Enabled","Configured","LikelyEnabled","N/A","Enabled","Available","BlockedByProfile","2026-03-10 13:51"
"IMAC-MKT-AEBQZV","BlockedByProfile","BlockedByProfile","LikelyEnabled","BlockedByProfile","Enabled","N/A","Enabled","2026-03-08 22:41"
"IMAC-EXEC-SLVNVT","BlockedByProfile","Active","BlockedByProfile","Disabled","DisabledByUser","AllBlocked","BlockedByProfile","2026-03-07 08:16"
"MBP-SEC-VONSTI","Disabled","Active","NoiCloudAccount","BlockedByProfile","Unknown","N/A","Enabled","2026-03-08 09:40"
"MBA-HR-MGMKNF","Disabled","BlockedByProfile","NoiCloudAccount","N/A","Unknown","Available","Enabled","2026-03-16 14:17"
"STUDIO-DEV-PPEUQH","Enabled","Active","LikelyEnabled","Enabled","DisabledByUser","PartiallyManaged","DisabledByUser","2026-03-11 10:28"
"STUDIO-DEV-DVZBJW","Disabled","Active","BlockedByProfile","BlockedByProfile","Enabled","PartiallyManaged","DisabledByUser","2026-03-09 02:05"
"MBA-FIN-NRYKMU","Disabled","Inactive","LikelyEnabled","Enabled","Enabled","Available","BlockedByProfile","2026-03-15 08:22"
"STUDIO-SEC-URGTBQ","Enabled","BlockedByProfile","NoiCloudAccount","Enabled","Enabled","AllBlocked","Unknown","2026-03-07 04:35"
"MBA-ENG-GJERMM","Enabled","Inactive","BlockedByProfile","Disabled","Enabled","Available","BlockedByProfile","2026-03-14 12:12"
"STUDIO-SEC-IJZVXJ","Enabled","BlockedByProfile","NoiCloudAccount","Enabled","Enabled","Available","BlockedByProfile","2026-03-19 04:13"
"MBP-HR-AVJTNV","N/A","N/A","LikelyEnabled","Disabled","Enabled","AllBlocked","DisabledByUser","2026-03-11 14:25"
"MAC-MKT-VOMESS","N/A","N/A","BlockedByProfile","Disabled","DisabledByUser","Available","Enabled","2026-03-09 15:25"
"MBP-OPS-LLXODU","Disabled","Configured","NoiCloudAccount","Disabled","BlockedByProfile","Available","DisabledByUser","2026-03-16 17:57"
"IMAC-DEV-AOWIEG","Enabled","Configured","BlockedByProfile","Disabled","BlockedByProfile","Available","DisabledByUser","2026-03-07 02:07"
"MBP-ENG-FEZAUN","Enabled","BlockedByProfile","NoiCloudAccount","BlockedByProfile","BlockedByProfile","Available","DisabledByUser","2026-03-10 07:38"
"STUDIO-FIN-VKVBIR","Enabled","Active","LikelyEnabled","BlockedByProfile","DisabledByUser","AllBlocked","BlockedByProfile","2026-03-08 21:25"
"MAC-HR-CHKQMX","Enabled","Configured","LikelyEnabled","Enabled","Enabled","AllBlocked","Enabled","2026-03-17 16:01"
"IMAC-LEGAL-FGLQXO","Enabled","Active","NoiCloudAccount","Enabled","Enabled","Available","Unknown","2026-03-19 23:58"
"STUDIO-ENG-CSWKNX","Disabled","BlockedByProfile","LikelyEnabled","Enabled","Enabled","PartiallyManaged","DisabledByUser","2026-03-20 02:42"
"MAC-MKT-VLNNMR","Enabled","Inactive","NoiCloudAccount","Enabled","Enabled","Available","Enabled","2026-03-10 18:25"
"STUDIO-SEC-SPUDXC","BlockedByProfile","Active","LikelyEnabled","Disabled","Enabled","Available","DisabledByUser","2026-03-16 16:50"
"STUDIO-SEC-FSWXCS","Disabled","BlockedByProfile","NoiCloudAccount","Disabled","Enabled","PartiallyManaged","BlockedByProfile","2026-03-11 07:09"
"MBA-ENG-ODOZIR","Disabled","Inactive","NoiCloudAccount","Enabled","Enabled","N/A","Enabled","2026-03-16 17:15"
"MBA-LEGAL-QYHILD","Enabled","BlockedByProfile","NoiCloudAccount","Enabled","Enabled","N/A","Enabled","2026-03-16 18:15"
"MBA-FIN-IQHEWP","N/A","N/A","BlockedByProfile","BlockedByProfile","BlockedByProfile","AllBlocked","Unknown","2026-03-16 19:28"
"MBA-IT-BRMDAE","Disabled","N/A","N/A","BlockedByProfile","BlockedByProfile","N/A","DisabledByUser","2026-03-18 08:01"
"MINI-ENG-OGNXTL","BlockedByProfile","BlockedByProfile","NoiCloudAccount","Enabled","BlockedByProfile","Available","BlockedByProfile","2026-03-19 02:25"
"MINI-LEGAL-IXOYRV","Enabled","Active","BlockedByProfile","Enabled","BlockedByProfile","N/A","Enabled","2026-03-14 14:45"
"MBP-SEC-LMYVQT","BlockedByProfile","Configured","NoiCloudAccount","BlockedByProfile","Enabled","AllBlocked","BlockedByProfile","2026-03-15 00:47"
"IMAC-MKT-LDUBKM","Disabled","BlockedByProfile","BlockedByProfile","Enabled","Enabled","Available","Enabled","2026-03-12 16:12"
"IMAC-LEGAL-OSEORV","N/A","BlockedByProfile","LikelyEnabled","Enabled","Enabled","AllBlocked","Enabled","2026-03-10 07:31"
"MBP-DEV-JDCHGC","Disabled","N/A","LikelyEnabled","Disabled","Enabled","Available","Enabled","2026-03-08 08:53"
"IMAC-ENG-DDGFZA","BlockedByProfile","Active","NoiCloudAccount","Enabled","Enabled","PartiallyManaged","DisabledByUser","2026-03-19 07:15"
"STUDIO-OPS-ZJRMKZ","BlockedByProfile","Active","LikelyEnabled","N/A","DisabledByUser","N/A","Enabled","2026-03-16 10:16"
"MAC-DEV-BSKIQC","Enabled","BlockedByProfile","NoiCloudAccount","Enabled","Enabled","Available","Enabled","2026-03-19 02:10"
"MBA-EXEC-RHVAPL","Disabled","Active","BlockedByProfile","Enabled","DisabledByUser","AllBlocked","BlockedByProfile","2026-03-18 22:32"
"MBP-OPS-DCHZXB","Disabled","Inactive","LikelyEnabled","BlockedByProfile","Unknown","AllBlocked","Enabled","2026-03-12 18:52"
"STUDIO-MKT-HNJEMJ","Disabled","Active","NoiCloudAccount","Enabled","BlockedByProfile","AllBlocked","BlockedByProfile","2026-03-12 18:21"
"IMAC-IT-HLTQYO","Disabled","N/A","LikelyEnabled","Enabled","DisabledByUser","PartiallyManaged","DisabledByUser","2026-03-06 22:56"
"MINI-DEV-VSNZXC","Disabled","Configured","BlockedByProfile","Enabled","Enabled","N/A","BlockedByProfile","2026-03-16 15:53"
"STUDIO-LEGAL-QZGDVU","Enabled","Active","LikelyEnabled","Disabled","Enabled","Available","DisabledByUser","2026-03-10 01:08"
"MAC-MKT-JAKOGU","Enabled","Active","LikelyEnabled","Enabled","Enabled","N/A","DisabledByUser","2026-03-15 23:16"
"MAC-ENG-GEYWFP","Enabled","Configured","LikelyEnabled","BlockedByProfile","DisabledByUser","Available","Enabled","2026-03-17 13:29"
"STUDIO-IT-SSQTNS","Enabled","Active","BlockedByProfile","Enabled","Enabled","Available","DisabledByUser","2026-03-13 21:11"
"MINI-OPS-DIXAIJ","Enabled","Active","LikelyEnabled","BlockedByProfile","Enabled","N/A","DisabledByUser","2026-03-16 09:42"
"MINI-ENG-IURFTH","Enabled","Active","N/A","BlockedByProfile","Enabled","AllBlocked","Enabled","2026-03-18 09:44"
"STUDIO-FIN-GTMSHK","BlockedByProfile","Inactive","BlockedByProfile","Enabled","Enabled","Available","DisabledByUser","2026-03-16 18:20"
"MBA-ENG-GPOOGN","Enabled","N/A","N/A","Disabled","Enabled","Available","BlockedByProfile","2026-03-10 08:42"
"MAC-HR-BTQDIX","Enabled","Active","LikelyEnabled","Disabled","DisabledByUser","N/A","Enabled","2026-03-09 06:49"
"MBP-FIN-IKXSTL","Disabled","N/A","NoiCloudAccount","Enabled","DisabledByUser","PartiallyManaged","Enabled","2026-03-18 14:00"
"MAC-LEGAL-KSXZSP","Enabled","Configured","NoiCloudAccount","N/A","Enabled","AllBlocked","Enabled","2026-03-09 19:49"
"MBA-EXEC-YLDLZA","BlockedByProfile","Active","LikelyEnabled","BlockedByProfile","BlockedByProfile","AllBlocked","Enabled","2026-03-09 06:05"
"IMAC-ENG-QIJYID","Disabled","Inactive","NoiCloudAccount","Enabled","Enabled","AllBlocked","Enabled","2026-03-12 05:32"
"STUDIO-ENG-ESRCAI","Enabled","Configured","LikelyEnabled","Disabled","BlockedByProfile","AllBlocked","BlockedByProfile","2026-03-11 06:31"
"MAC-HR-UGDVLR","BlockedByProfile","Inactive","BlockedByProfile","Enabled","Enabled","Available","Enabled","2026-03-12 02:39"
"MBA-DEV-TKZMJY","Enabled","Active","LikelyEnabled","BlockedByProfile","BlockedByProfile","PartiallyManaged","Enabled","2026-03-16 23:31"
"MBA-OPS-AKVXYZ","BlockedByProfile","Active","LikelyEnabled","Disabled","DisabledByUser","AllBlocked","DisabledByUser","2026-03-10 10:58"
"STUDIO-ENG-WSYOVF","BlockedByProfile","Active","NoiCloudAccount","Enabled","Enabled","Available","BlockedByProfile","2026-03-06 22:36"
"IMAC-FIN-JELRTO","BlockedByProfile","Active","NoiCloudAccount","Enabled","Enabled","PartiallyManaged","Enabled","2026-03-09 01:46"
"IMAC-EXEC-YZPZEU","Enabled","Inactive","LikelyEnabled","BlockedByProfile","Enabled","N/A","Unknown","2026-03-17 23:21"
"STUDIO-IT-UXLLBF","Enabled","N/A","BlockedByProfile","BlockedByProfile","Enabled","Available","Enabled","2026-03-16 15:54"
"MBP-HR-VXBPDH","Disabled","Active","LikelyEnabled","Enabled","Enabled","AllBlocked","DisabledByUser","2026-03-11 06:55"
"MINI-SEC-JZNRWD","Enabled","BlockedByProfile","LikelyEnabled","Enabled","BlockedByProfile","AllBlocked","Enabled","2026-03-13 16:10"
"MAC-SEC-NIMVYX","Disabled","Active","BlockedByProfile","BlockedByProfile","Enabled","Available","Enabled","2026-03-11 20:51"
"IMAC-ENG-IHXYLK","N/A","Active","LikelyEnabled","Enabled","DisabledByUser","AllBlocked","BlockedByProfile","2026-03-14 16:38"
"MBP-HR-SUMCQE","Disabled","Active","N/A","BlockedByProfile","Unknown","Available","Unknown","2026-03-06 23:14"
"MBP-HR-BAKLRF","Enabled","Configured","BlockedByProfile","Disabled","BlockedByProfile","PartiallyManaged","Enabled","2026-03-10 23:37"
"MAC-FIN-WVOQJH","Disabled","N/A","BlockedByProfile","Disabled","Enabled","AllBlocked","Unknown","2026-03-06 22:40"
"STUDIO-LEGAL-XKSJRN","Enabled","BlockedByProfile","NoiCloudAccount","Enabled","Enabled","AllBlocked","Unknown","2026-03-08 22:19"
"MINI-EXEC-ZSIEVI","Disabled","BlockedByProfile","NoiCloudAccount","Enabled","DisabledByUser","Available","Enabled","2026-03-11 12:02"
"MBP-DEV-DKFOTX","Enabled","N/A","LikelyEnabled","N/A","Enabled","N/A","DisabledByUser","2026-03-17 19:20"
"MBA-MKT-MPYWVP","Disabled","Configured","LikelyEnabled","N/A","Enabled","Available","DisabledByUser","2026-03-09 10:30"
"MAC-OPS-WBHAWY","Enabled","Configured","NoiCloudAccount","Enabled","Unknown","PartiallyManaged","BlockedByProfile","2026-03-13 06:32"
"IMAC-OPS-YZFFYF","Disabled","Inactive","LikelyEnabled","Enabled","Unknown","N/A","Enabled","2026-03-11 08:58"
"MBP-SEC-KVAECY","Disabled","Inactive","NoiCloudAccount","BlockedByProfile","DisabledByUser","N/A","Enabled","2026-03-06 23:18"
"MBP-IT-IOHRXF","Enabled","Active","BlockedByProfile","Enabled","DisabledByUser","Available","DisabledByUser","2026-03-08 16:10"
"IMAC-MKT-BXGMRO","Enabled","Active","LikelyEnabled","Disabled","DisabledByUser","PartiallyManaged","Enabled","2026-03-14 18:07"
"MBA-MKT-MGXNFR","BlockedByProfile","N/A","NoiCloudAccount","Enabled","Enabled","PartiallyManaged","Enabled","2026-03-07 09:08"
"IMAC-FIN-WAMNOD","BlockedByProfile","N/A","BlockedByProfile","Enabled","Enabled","Available","Enabled","2026-03-13 23:41"
"MBP-ENG-CXPXXL","BlockedByProfile","Active","LikelyEnabled","Disabled","Enabled","AllBlocked","Enabled","2026-03-08 23:00"
"STUDIO-ENG-KEPNDW","Enabled","Active","LikelyEnabled","BlockedByProfile","DisabledByUser","Available","BlockedByProfile","2026-03-13 18:30"
"MBA-IT-ZRQQDQ","Enabled","BlockedByProfile","NoiCloudAccount","N/A","Enabled","AllBlocked","DisabledByUser","2026-03-07 00:32"
"MBP-MKT-PSKMWA","Enabled","BlockedByProfile","LikelyEnabled","Enabled","BlockedByProfile","Available","DisabledByUser","2026-03-13 15:37"
"STUDIO-MKT-NUVHGJ","Enabled","BlockedByProfile","BlockedByProfile","BlockedByProfile","BlockedByProfile","PartiallyManaged","Enabled","2026-03-13 15:30"
"MAC-LEGAL-EOWVVN","Enabled","Configured","NoiCloudAccount","Enabled","Enabled","Available","Enabled","2026-03-12 14:48"
"MBA-LEGAL-ZLPRHZ","BlockedByProfile","Active","LikelyEnabled","Enabled","BlockedByProfile","AllBlocked","Enabled","2026-03-16 18:05"
"MBA-DEV-UIGDLP","Enabled","BlockedByProfile","NoiCloudAccount","Enabled","Enabled","PartiallyManaged","Enabled","2026-03-07 08:39"
"MBP-MKT-VQHAIZ","BlockedByProfile","Configured","LikelyEnabled","Enabled","Enabled","PartiallyManaged","Unknown","2026-03-06 22:35"
"MBA-MKT-PZLOHB","Disabled","N/A","LikelyEnabled","Enabled","Enabled","N/A","DisabledByUser","2026-03-09 17:06"
"IMAC-EXEC-PVAFET","N/A","Active","NoiCloudAccount","Enabled","BlockedByProfile","N/A","Enabled","2026-03-08 13:17"
"MINI-FIN-SIYLJY","Disabled","Configured","BlockedByProfile","BlockedByProfile","Enabled","N/A","Enabled","2026-03-16 08:11"
"IMAC-HR-PUHNRF","Disabled","Inactive","LikelyEnabled","Enabled","Enabled","Available","DisabledByUser","2026-03-10 02:28"
"IMAC-ENG-PFNFTV","Disabled","Inactive","BlockedByProfile","BlockedByProfile","Enabled","N/A","Enabled","2026-03-10 06:26"
"MAC-DEV-VADJNB","Disabled","Active","BlockedByProfile","BlockedByProfile","Enabled","Available","Unknown","2026-03-14 00:24"
"IMAC-LEGAL-FXWQZF","Disabled","N/A","LikelyEnabled","N/A","Enabled","PartiallyManaged","DisabledByUser","2026-03-09 11:49"
"MBA-DEV-ZVZSZL","Enabled","Inactive","LikelyEnabled","Enabled","Enabled","AllBlocked","Enabled","2026-03-14 15:52"
"MAC-ENG-LWOQFI","Disabled","N/A","LikelyEnabled","Disabled","DisabledByUser","Available","BlockedByProfile","2026-03-11 00:47"
"MAC-ENG-LUDBDC","Disabled","N/A","LikelyEnabled","N/A","DisabledByUser","Available","Enabled","2026-03-17 07:37"
"IMAC-SEC-QFKTWK","Disabled","Active","BlockedByProfile","Enabled","Unknown","Available","Enabled","2026-03-14 20:59"
"MAC-IT-UYKNKC","Enabled","N/A","LikelyEnabled","Enabled","Enabled","Available","DisabledByUser","2026-03-17 21:01"
"MINI-HR-NTKRXI","BlockedByProfile","BlockedByProfile","LikelyEnabled","Disabled","Enabled","PartiallyManaged","BlockedByProfile","2026-03-15 04:43"
"STUDIO-LEGAL-PRKIVG","Enabled","Active","LikelyEnabled","Enabled","Unknown","Available","DisabledByUser","2026-03-11 16:38"
"IMAC-IT-MQKPDN","Disabled","N/A","NoiCloudAccount","Disabled","BlockedByProfile","AllBlocked","Enabled","2026-03-13 08:52"
"MBP-SEC-ATQFSL","Enabled","N/A","NoiCloudAccount","Disabled","Enabled","Available","BlockedByProfile","2026-03-10 06:47"
"MBA-MKT-OJMGFH","Disabled","Active","NoiCloudAccount","Enabled","BlockedByProfile","N/A","Enabled","2026-03-09 23:51"
"MINI-DEV-VZYDCO","Disabled","N/A","NoiCloudAccount","Enabled","Enabled","Available","Unknown","2026-03-14 07:06"
"MAC-EXEC-VUBRUP","Disabled","Active","NoiCloudAccount","Disabled","DisabledByUser","AllBlocked","Enabled","2026-03-18 19:30"
"MAC-SEC-EVAHJU","Enabled","Active","LikelyEnabled","N/A","Enabled","Available","BlockedByProfile","2026-03-08 03:47"
"STUDIO-FIN-JQPMRE","Enabled","Active","BlockedByProfile","BlockedByProfile","Enabled","N/A","Enabled","2026-03-13 16:57"
"STUDIO-ENG-QIATDC","Enabled","Inactive","NoiCloudAccount","Enabled","Enabled","PartiallyManaged","BlockedByProfile","2026-03-14 17:52"
"STUDIO-HR-AZWMKV","Disabled","Configured","LikelyEnabled","Enabled","BlockedByProfile","Available","Enabled","2026-03-15 21:29"
"MINI-SEC-OTPXLT","BlockedByProfile","Active","LikelyEnabled","Enabled","DisabledByUser","Available","DisabledByUser","2026-03-17 23:18"
"MBP-HR-PLJCBD","Disabled","Inactive","LikelyEnabled","Enabled","DisabledByUser","Available","Enabled","2026-03-11 17:41"
"MAC-IT-GZKOGE","Disabled","Active","BlockedByProfile","Disabled","Enabled","N/A","Enabled","2026-03-12 15:43"
"MBA-SEC-YSGJUN","Enabled","Configured","NoiCloudAccount","Enabled","BlockedByProfile","PartiallyManaged","Enabled","2026-03-09 16:36"
"MBP-IT-KPLEBQ","BlockedByProfile","Active","LikelyEnabled","Enabled","Enabled","Available","DisabledByUser","2026-03-17 19:43"
"IMAC-DEV-IPVEFZ","Enabled","BlockedByProfile","LikelyEnabled","Enabled","Enabled","Available","Unknown","2026-03-17 11:28"
"MINI-HR-FSKACP","Disabled","Configured","BlockedByProfile","Disabled","Enabled","AllBlocked","BlockedByProfile","2026-03-08 15:31"
"IMAC-MKT-FQTSDR","Disabled","Active","BlockedByProfile","Enabled","BlockedByProfile","N/A","BlockedByProfile","2026-03-13 03:20"
"MAC-MKT-TRULDN","N/A","BlockedByProfile","LikelyEnabled","BlockedByProfile","BlockedByProfile","PartiallyManaged","Enabled","2026-03-06 20:31"
"MBA-EXEC-KHENGF","Disabled","N/A","NoiCloudAccount","Disabled","Enabled","N/A","DisabledByUser","2026-03-17 18:49"
"IMAC-HR-IREANO","Enabled","Configured","NoiCloudAccount","Enabled","Enabled","N/A","Enabled","2026-03-15 10:54"
"STUDIO-IT-SSJBQU","Enabled","Active","LikelyEnabled","Enabled","BlockedByProfile","N/A","DisabledByUser","2026-03-15 09:22"
"MINI-ENG-QSWFJQ","Disabled","N/A","LikelyEnabled","Enabled","Enabled","AllBlocked","Enabled","2026-03-16 12:03"
"MBA-MKT-HUFMOB","Disabled","Active","BlockedByProfile","Enabled","Enabled","Available","Enabled","2026-03-11 00:24"
"STUDIO-DEV-VUGHLA","Enabled","Inactive","NoiCloudAccount","BlockedByProfile","BlockedByProfile","AllBlocked","BlockedByProfile","2026-03-10 02:57"
"MINI-IT-OMQDJE","BlockedByProfile","BlockedByProfile","BlockedByProfile","Enabled","Enabled","Available","Enabled","2026-03-08 05:13"
"IMAC-FIN-RIRCSU","Enabled","Configured","BlockedByProfile","Enabled","DisabledByUser","AllBlocked","Unknown","2026-03-12 21:36"
"MINI-HR-CMVGEH","Enabled","N/A","N/A","Disabled","DisabledByUser","AllBlocked","DisabledByUser","2026-03-14 07:05"
"MAC-OPS-OBDMHW","Disabled","Configured","NoiCloudAccount","Enabled","Enabled","Available","Enabled","2026-03-11 11:01"
"MBA-LEGAL-OSKYCW","Enabled","Active","NoiCloudAccount","Disabled","Enabled","AllBlocked","Enabled","2026-03-07 18:03"
"MBA-SEC-GPPLRW","Enabled","Active","BlockedByProfile","Enabled","BlockedByProfile","Available","DisabledByUser","2026-03-19 19:55"
"MBA-OPS-IXZBGF","Enabled","BlockedByProfile","NoiCloudAccount","Enabled","Enabled","AllBlocked","Enabled","2026-03-15 01:20"
"MINI-MKT-GKUEMR","Enabled","N/A","LikelyEnabled","Disabled","DisabledByUser","Available","DisabledByUser","2026-03-07 13:47"
"MINI-EXEC-OLKQXK","BlockedByProfile","Active","NoiCloudAccount","Enabled","Enabled","Available","BlockedByProfile","2026-03-19 14:08"
"MBA-OPS-OTWZOM","Enabled","N/A","LikelyEnabled","Disabled","DisabledByUser","AllBlocked","BlockedByProfile","2026-03-08 13:06"
"MBA-LEGAL-EYMONN","Disabled","Inactive","LikelyEnabled","Enabled","Enabled","Available","BlockedByProfile","2026-03-13 23:01"
"MAC-FIN-APYAON","Enabled","N/A","N/A","BlockedByProfile","Enabled","AllBlocked","Enabled","2026-03-19 11:02"
"MINI-LEGAL-KQCWTP","Enabled","Configured","NoiCloudAccount","Enabled","BlockedByProfile","PartiallyManaged","Enabled","2026-03-20 05:17"
"MAC-DEV-IEALNZ","Enabled","N/A","BlockedByProfile","Disabled","BlockedByProfile","AllBlocked","DisabledByUser","2026-03-20 05:49"
"MBA-SEC-VYCZWL","BlockedByProfile","BlockedByProfile","NoiCloudAccount","Enabled","Enabled","AllBlocked","BlockedByProfile","2026-03-20 07:13"
"IMAC-HR-FXQRME","Enabled","Active","BlockedByProfile","Enabled","BlockedByProfile","AllBlocked","DisabledByUser","2026-03-16 18:03"
"STUDIO-OPS-OQJDFJ","BlockedByProfile","N/A","NoiCloudAccount","Disabled","DisabledByUser","Available","DisabledByUser","2026-03-11 00:55"
"MBA-DEV-WSRJJK","BlockedByProfile","Configured","LikelyEnabled","Disabled","Enabled","AllBlocked","BlockedByProfile","2026-03-17 22:42"
"MINI-SEC-UDBYVQ","Enabled","Active","NoiCloudAccount","Disabled","Enabled","N/A","Enabled","2026-03-08 15:16"
"IMAC-ENG-OBRFBM","Disabled","BlockedByProfile","BlockedByProfile","BlockedByProfile","Enabled","PartiallyManaged","BlockedByProfile","2026-03-13 22:28"
"STUDIO-IT-AEILQX","Disabled","Inactive","LikelyEnabled","Disabled","Unknown","N/A","BlockedByProfile","2026-03-13 08:00"
"IMAC-EXEC-RBWLML","BlockedByProfile","BlockedByProfile","NoiCloudAccount","Enabled","Enabled","PartiallyManaged","BlockedByProfile","2026-03-06 21:27"
"MINI-IT-JWZIAL","Enabled","N/A","N/A","Enabled","Enabled","AllBlocked","BlockedByProfile","2026-03-12 13:49"
"MBP-IT-RJPIXO","Enabled","Inactive","LikelyEnabled","BlockedByProfile","BlockedByProfile","AllBlocked","BlockedByProfile","2026-03-19 08:43"
"MBA-SEC-GNZHYS","BlockedByProfile","Inactive","LikelyEnabled","BlockedByProfile","BlockedByProfile","AllBlocked","BlockedByProfile","2026-03-14 09:38"
"MBP-OPS-FNIVDT","Enabled","BlockedByProfile","LikelyEnabled","Enabled","BlockedByProfile","Available","BlockedByProfile","2026-03-16 05:49"
"STUDIO-SEC-JCAVOO","Disabled","BlockedByProfile","LikelyEnabled","N/A","Enabled","PartiallyManaged","Enabled","2026-03-20 09:59"
"IMAC-MKT-XWQGSH","BlockedByProfile","Active","LikelyEnabled","Enabled","Enabled","AllBlocked","Enabled","2026-03-06 18:59"
"STUDIO-LEGAL-JTGPMJ","BlockedByProfile","Inactive","LikelyEnabled","Disabled","Enabled","AllBlocked","DisabledByUser","2026-03-11 22:33"
"MINI-HR-JUYJEX","BlockedByProfile","Active","LikelyEnabled","N/A","Enabled","Available","BlockedByProfile","2026-03-14 16:59"
"MAC-OPS-ZVWZBM","Disabled","N/A","BlockedByProfile","BlockedByProfile","DisabledByUser","AllBlocked","BlockedByProfile","2026-03-07 01:02"
"MBP-OPS-HIVLYM","N/A","N/A","BlockedByProfile","Enabled","Unknown","AllBlocked","Unknown","2026-03-15 11:56"
"MBA-LEGAL-ITMLIR","Enabled","Active","BlockedByProfile","Enabled","Enabled","Available","Enabled","2026-03-13 07:52"
"MAC-MKT-LRRWMP","BlockedByProfile","Inactive","NoiCloudAccount","BlockedByProfile","DisabledByUser","N/A","Enabled","2026-03-20 01:35"
"IMAC-MKT-SXFVEK","BlockedByProfile","Active","LikelyEnabled","BlockedByProfile","BlockedByProfile","Available","DisabledByUser","2026-03-14 15:05"
"MBA-HR-QPALGO","Enabled","N/A","N/A","Enabled","Enabled","AllBlocked","Enabled","2026-03-12 17:46"
"IMAC-IT-NMEWPW","Enabled","N/A","LikelyEnabled","BlockedByProfile","Enabled","N/A","Unknown","2026-03-13 07:47"
"MBP-IT-KOKLOJ","Enabled","BlockedByProfile","BlockedByProfile","N/A","Enabled","AllBlocked","BlockedByProfile","2026-03-12 20:49"
"MINI-MKT-JOQHEO","N/A","Inactive","BlockedByProfile","N/A","Enabled","N/A","DisabledByUser","2026-03-19 21:30"
"MAC-OPS-AJFTWZ","Disabled","Inactive","BlockedByProfile","Enabled","Enabled","Available","Unknown","2026-03-07 09:26"
"MINI-EXEC-ZNNWKA","Enabled","BlockedByProfile","LikelyEnabled","N/A","Enabled","N/A","Enabled","2026-03-12 06:32"
"STUDIO-LEGAL-XLUTMC","BlockedByProfile","Active","NoiCloudAccount","BlockedByProfile","Unknown","AllBlocked","BlockedByProfile","2026-03-17 06:32"
"MINI-OPS-UBOBQW","Enabled","BlockedByProfile","LikelyEnabled","BlockedByProfile","DisabledByUser","Available","BlockedByProfile","2026-03-11 16:47"
"MBA-FIN-QZYFAP","Disabled","Active","N/A","Disabled","DisabledByUser","Available","DisabledByUser","2026-03-12 15:29"
"MBA-FIN-XNTBSX","BlockedByProfile","BlockedByProfile","LikelyEnabled","Disabled","BlockedByProfile","Available","Enabled","2026-03-06 21:39"
"STUDIO-HR-WXGTPE","Disabled","N/A","LikelyEnabled","Enabled","Enabled","N/A","DisabledByUser","2026-03-18 18:23"
"MBA-OPS-VZZCKL","Disabled","Active","BlockedByProfile","BlockedByProfile","Enabled","AllBlocked","BlockedByProfile","2026-03-08 16:39"
"MINI-FIN-XLYHED","Enabled","Inactive","NoiCloudAccount","Enabled","Enabled","AllBlocked","Enabled","2026-03-16 20:44"
"MINI-ENG-WATBFH","N/A","Active","NoiCloudAccount","BlockedByProfile","Enabled","AllBlocked","Enabled","2026-03-16 03:05"
"STUDIO-MKT-WQFWJE","BlockedByProfile","Active","LikelyEnabled","Enabled","Enabled","Available","BlockedByProfile","2026-03-08 23:14"
"MAC-ENG-KGWZKX","Enabled","N/A","LikelyEnabled","BlockedByProfile","Enabled","AllBlocked","Enabled","2026-03-17 13:47"
"MINI-EXEC-CJBYDB","Disabled","N/A","BlockedByProfile","Enabled","Enabled","Available","Enabled","2026-03-09 18:09"
"MINI-IT-FLUWAK","BlockedByProfile","Configured","LikelyEnabled","BlockedByProfile","Enabled","PartiallyManaged","Enabled","2026-03-07 14:06"
"MBA-OPS-TSTVLE","BlockedByProfile","N/A","LikelyEnabled","Enabled","BlockedByProfile","PartiallyManaged","Enabled","2026-03-07 10:40"
"IMAC-HR-YDIUJB","BlockedByProfile","Inactive","NoiCloudAccount","Enabled","Enabled","Available","Enabled","2026-03-11 00:51"
"IMAC-ENG-IHEVOV","Disabled","Active","LikelyEnabled","Disabled","Enabled","PartiallyManaged","DisabledByUser","2026-03-09 10:49"
"STUDIO-LEGAL-QOSGAW","Enabled","Active","NoiCloudAccount","Enabled","DisabledByUser","PartiallyManaged","BlockedByProfile","2026-03-06 16:48"
"STUDIO-IT-UOIIPF","Disabled","Active","LikelyEnabled","Enabled","BlockedByProfile","PartiallyManaged","Unknown","2026-03-10 00:26"
"STUDIO-SEC-ZYTCPA","BlockedByProfile","Active","LikelyEnabled","BlockedByProfile","DisabledByUser","N/A","Enabled","2026-03-19 05:05"
"MBP-DEV-CAGRAY","Enabled","Inactive","LikelyEnabled","Disabled","BlockedByProfile","Available","Enabled","2026-03-17 23:57"
"MAC-EXEC-YJBWIE","Disabled","BlockedByProfile","N/A","BlockedByProfile","BlockedByProfile","N/A","Enabled","2026-03-17 20:53"
"MBA-EXEC-JUBLWA","Enabled","Inactive","LikelyEnabled","Enabled","Enabled","Available","Enabled","2026-03-14 09:06"
"STUDIO-EXEC-CHFCYH","N/A","N/A","BlockedByProfile","Enabled","Enabled","AllBlocked","DisabledByUser","2026-03-09 06:11"
"MBA-ENG-ILLOBD","Enabled","Configured","N/A","Disabled","Enabled","Available","BlockedByProfile","2026-03-09 10:10"
"MAC-FIN-UQFISH","Enabled","Inactive","NoiCloudAccount","BlockedByProfile","BlockedByProfile","AllBlocked","BlockedByProfile","2026-03-19 15:22"
"MINI-IT-RGZLQN","Disabled","Active","NoiCloudAccount","BlockedByProfile","DisabledByUser","Available","Enabled","2026-03-09 10:17"
"MAC-DEV-CWWQSS","Enabled","Active","N/A","Enabled","BlockedByProfile","AllBlocked","Enabled","2026-03-18 16:16"
"STUDIO-LEGAL-WQLQZD","BlockedByProfile","Active","NoiCloudAccount","Enabled","Enabled","PartiallyManaged","DisabledByUser","2026-03-08 07:18"
"MAC-LEGAL-XNIQXR","Disabled","Inactive","BlockedByProfile","Enabled","DisabledByUser","N/A","DisabledByUser","2026-03-10 18:40"
"MBA-DEV-XHOJLA","BlockedByProfile","Inactive","LikelyEnabled","BlockedByProfile","DisabledByUser","PartiallyManaged","Unknown","2026-03-17 15:31"
"IMAC-EXEC-UXMQMN","BlockedByProfile","Active","LikelyEnabled","Disabled","BlockedByProfile","Available","DisabledByUser","2026-03-15 06:06"
"MAC-LEGAL-SZJWGO","Enabled","Inactive","NoiCloudAccount","N/A","Enabled","Available","Enabled","2026-03-17 12:42"
"MAC-FIN-BCGZXG","Enabled","BlockedByProfile","LikelyEnabled","Disabled","Enabled","AllBlocked","BlockedByProfile","2026-03-10 07:30"
"IMAC-IT-WGWLEI","Enabled","Configured","LikelyEnabled","Disabled","Unknown","PartiallyManaged","DisabledByUser","2026-03-12 01:30"
"IMAC-ENG-OINLBI","Enabled","Configured","LikelyEnabled","Disabled","Enabled","Available","Enabled","2026-03-14 18:50"
"STUDIO-EXEC-NCFRHD","Enabled","Active","LikelyEnabled","Disabled","Enabled","Available","Unknown","2026-03-10 15:05"
"IMAC-IT-FGUOBP","N/A","Active","BlockedByProfile","Disabled","Enabled","Available","Enabled","2026-03-20 07:15"
"STUDIO-SEC-SLKHNZ","Enabled","BlockedByProfile","LikelyEnabled","Enabled","BlockedByProfile","Available","BlockedByProfile","2026-03-12 13:02"
"MBP-LEGAL-GGUTXQ","Disabled","Inactive","BlockedByProfile","Disabled","Enabled","Available","BlockedByProfile","2026-03-11 17:50"
"STUDIO-ENG-EWCFYN","BlockedByProfile","Inactive","LikelyEnabled","BlockedByProfile","Enabled","Available","Enabled","2026-03-10 03:02"
"MBA-FIN-BNQEGT","Disabled","Active","NoiCloudAccount","Enabled","BlockedByProfile","AllBlocked","Enabled","2026-03-10 00:06"
"MINI-HR-MXGGKF","Disabled","Inactive","BlockedByProfile","Enabled","Enabled","Available","Enabled","2026-03-09 22:08"
"MINI-HR-SQDPRJ","Enabled","Active","LikelyEnabled","Enabled","Enabled","AllBlocked","Enabled","2026-03-13 12:45"
"MBP-EXEC-OAYRSX","Enabled","Inactive","NoiCloudAccount","BlockedByProfile","Enabled","PartiallyManaged","DisabledByUser","2026-03-18 08:17"
"IMAC-HR-WASVUW","Enabled","Active","NoiCloudAccount","Enabled","DisabledByUser","Available","Enabled","2026-03-11 07:38"
"IMAC-OPS-XXKKKY","Disabled","BlockedByProfile","NoiCloudAccount","Enabled","DisabledByUser","Available","Enabled","2026-03-18 04:32"
"STUDIO-LEGAL-QTHAWF","BlockedByProfile","Active","BlockedByProfile","Enabled","Enabled","PartiallyManaged","DisabledByUser","2026-03-13 17:54"
"MAC-SEC-RRINBY","Disabled","Active","NoiCloudAccount","N/A","Enabled","Available","DisabledByUser","2026-03-13 15:07"
"MINI-IT-TTAEBW","Disabled","Active","NoiCloudAccount","Enabled","DisabledByUser","AllBlocked","DisabledByUser","2026-03-07 18:53"
"MAC-SEC-DSQPFI","Enabled","N/A","NoiCloudAccount","BlockedByProfile","Enabled","N/A","DisabledByUser","2026-03-10 03:56"
"IMAC-LEGAL-BDSUGP","Disabled","Active","LikelyEnabled","Disabled","Enabled","PartiallyManaged","Enabled","2026-03-09 07:21"
"IMAC-MKT-IAEZWI","Disabled","Active","NoiCloudAccount","Enabled","BlockedByProfile","Available","BlockedByProfile","2026-03-11 12:49"
"MAC-DEV-JMQBTJ","Enabled","Active","BlockedByProfile","BlockedByProfile","Enabled","Available","DisabledByUser","2026-03-17 15:39"
"STUDIO-MKT-HMPLJO","Enabled","Inactive","LikelyEnabled","Disabled","BlockedByProfile","PartiallyManaged","BlockedByProfile","2026-03-09 12:22"
"STUDIO-OPS-ZHDJEW","BlockedByProfile","Active","NoiCloudAccount","Enabled","Enabled","PartiallyManaged","Enabled","2026-03-17 16:10"
"MINI-ENG-KRJIQA","BlockedByProfile","Configured","NoiCloudAccount","Enabled","Enabled","Available","Enabled","2026-03-18 05:05"
"MINI-MKT-LXBNUU","N/A","BlockedByProfile","LikelyEnabled","Enabled","Enabled","N/A","Enabled","2026-03-15 07:53"
"STUDIO-IT-IVUDLV","N/A","Active","BlockedByProfile","Enabled","Enabled","PartiallyManaged","Enabled","2026-03-07 15:49"
"MBP-OPS-QJQOVI","Enabled","Active","LikelyEnabled","Enabled","BlockedByProfile","PartiallyManaged","BlockedByProfile","2026-03-12 21:22"
"STUDIO-DEV-LYWODU","Disabled","BlockedByProfile","NoiCloudAccount","Enabled","BlockedByProfile","Available","DisabledByUser","2026-03-09 13:22"
"MBP-HR-EFWNCD","Disabled","BlockedByProfile","NoiCloudAccount","BlockedByProfile","DisabledByUser","Available","Enabled","2026-03-19 21:50"
"MBA-FIN-VLZQFR","Enabled","BlockedByProfile","LikelyEnabled","Enabled","BlockedByProfile","AllBlocked","BlockedByProfile","2026-03-17 06:43"
"IMAC-IT-CLVHVW","Disabled","N/A","N/A","Enabled","Enabled","PartiallyManaged","Enabled","2026-03-18 03:33"
"MBP-DEV-VSLWBB","Enabled","BlockedByProfile","NoiCloudAccount","BlockedByProfile","Enabled","N/A","Enabled","2026-03-10 10:39"
"MINI-ENG-TLIBUL","BlockedByProfile","BlockedByProfile","NoiCloudAccount","Enabled","Unknown","Available","BlockedByProfile","2026-03-15 12:21"
"MAC-LEGAL-OWIEFK","Disabled","N/A","LikelyEnabled","Enabled","BlockedByProfile","N/A","Enabled","2026-03-11 02:03"
"IMAC-OPS-KSDUVS","Disabled","Active","LikelyEnabled","Enabled","DisabledByUser","Available","Enabled","2026-03-07 21:59"
"MBP-ENG-QSEZBG","Disabled","Inactive","BlockedByProfile","Enabled","Enabled","PartiallyManaged","DisabledByUser","2026-03-16 22:00"
"MAC-SEC-JHIKNC","Disabled","Inactive","LikelyEnabled","BlockedByProfile","BlockedByProfile","AllBlocked","Unknown","2026-03-09 21:36"
"MAC-EXEC-HTXXNF","BlockedByProfile","Active","LikelyEnabled","Disabled","Unknown","Available","Enabled","2026-03-11 19:35"
"MAC-IT-JTYKUW","Disabled","Active","BlockedByProfile","Enabled","DisabledByUser","Available","BlockedByProfile","2026-03-17 17:36"
"MAC-EXEC-WHYAKI","Disabled","Active","LikelyEnabled","BlockedByProfile","DisabledByUser","Available","Enabled","2026-03-11 07:58"
"MBP-HR-GAPYIW","Enabled","Active","BlockedByProfile","BlockedByProfile","DisabledByUser","PartiallyManaged","Enabled","2026-03-15 04:38"
"MBP-ENG-MFZVVR","BlockedByProfile","BlockedByProfile","NoiCloudAccount","Disabled","Enabled","AllBlocked","DisabledByUser","2026-03-08 18:51"
"MBA-HR-SQWZKQ","BlockedByProfile","BlockedByProfile","NoiCloudAccount","BlockedByProfile","DisabledByUser","Available","BlockedByProfile","2026-03-13 02:29"
"MAC-ENG-MMQSLV","Enabled","Configured","LikelyEnabled","Enabled","BlockedByProfile","AllBlocked","Enabled","2026-03-14 14:30"
"MBA-DEV-ZXEENA","Enabled","BlockedByProfile","NoiCloudAccount","N/A","DisabledByUser","Available","Unknown","2026-03-13 18:19"
"MAC-DEV-KBSYFI","Disabled","Active","BlockedByProfile","Disabled","Enabled","AllBlocked","DisabledByUser","2026-03-10 05:59"
"MINI-SEC-KDXKDD","Disabled","Inactive","BlockedByProfile","Enabled","Enabled","AllBlocked","Enabled","2026-03-12 18:43"
"IMAC-HR-RCDQPE","Enabled","N/A","NoiCloudAccount","Disabled","BlockedByProfile","Available","DisabledByUser","2026-03-13 16:57"
"IMAC-MKT-DNNNZH","Disabled","N/A","N/A","Enabled","Enabled","AllBlocked","Enabled","2026-03-12 19:05"
"MINI-OPS-OIXMFB","Enabled","N/A","BlockedByProfile","Enabled","BlockedByProfile","Available","Enabled","2026-03-09 08:08"
"MBP-LEGAL-UMDFOR","Disabled","Active","BlockedByProfile","Enabled","Enabled","AllBlocked","Enabled","2026-03-15 17:34"
"MBP-SEC-EWQLML","BlockedByProfile","BlockedByProfile","LikelyEnabled","Disabled","Enabled","AllBlocked","Enabled","2026-03-08 18:07"
"MAC-OPS-MALQIB","BlockedByProfile","N/A","LikelyEnabled","N/A","Enabled","PartiallyManaged","DisabledByUser","2026-03-09 22:25"
"MINI-MKT-FPKYFW","Disabled","Active","LikelyEnabled","N/A","Enabled","Available","Enabled","2026-03-15 09:22"
"MAC-DEV-MWKHJO","Enabled","Inactive","LikelyEnabled","BlockedByProfile","Enabled","Available","BlockedByProfile","2026-03-20 06:37"
"MINI-HR-ZPQCVZ","BlockedByProfile","N/A","BlockedByProfile","Enabled","Enabled","N/A","BlockedByProfile","2026-03-17 05:57"
"STUDIO-OPS-HSCOCH","Disabled","N/A","BlockedByProfile","N/A","Enabled","N/A","DisabledByUser","2026-03-16 17:11"
"MBA-EXEC-YEINIM","BlockedByProfile","Inactive","LikelyEnabled","BlockedByProfile","Enabled","N/A","Enabled","2026-03-08 08:09"
"MBP-DEV-IRYQTG","Enabled","Active","LikelyEnabled","BlockedByProfile","Enabled","AllBlocked","DisabledByUser","2026-03-14 08:36"
"MINI-LEGAL-JNTFLK","Enabled","Active","NoiCloudAccount","Disabled","Enabled","Available","Enabled","2026-03-08 07:31"
"MBA-SEC-LBIIEO","BlockedByProfile","Active","LikelyEnabled","Enabled","Enabled","AllBlocked","BlockedByProfile","2026-03-13 01:46"
"MINI-IT-ZTFQCU","Disabled","Active","LikelyEnabled","Enabled","Enabled","Available","Enabled","2026-03-08 00:55"
"IMAC-EXEC-FIIVKJ","Disabled","Inactive","BlockedByProfile","Enabled","Enabled","N/A","Enabled","2026-03-17 13:35"
"MAC-HR-RLFKGO","Disabled","BlockedByProfile","NoiCloudAccount","Enabled","DisabledByUser","N/A","Enabled","2026-03-10 12:25"
"MBP-SEC-MXZCGS","Enabled","N/A","BlockedByProfile","Disabled","BlockedByProfile","Available","Enabled","2026-03-13 12:40"
"MAC-LEGAL-NJOPFT","Disabled","BlockedByProfile","NoiCloudAccount","Disabled","Enabled","Available","Enabled","2026-03-19 07:02"
"MINI-MKT-CRWIKY","BlockedByProfile","Active","BlockedByProfile","BlockedByProfile","BlockedByProfile","PartiallyManaged","Enabled","2026-03-18 10:37"
"IMAC-EXEC-RAURXF","Enabled","N/A","LikelyEnabled","Disabled","BlockedByProfile","N/A","Unknown","2026-03-17 16:16"
"MBP-DEV-YVOQNI","Enabled","BlockedByProfile","NoiCloudAccount","Enabled","BlockedByProfile","Available","Enabled","2026-03-14 18:32"
"MINI-FIN-BTDTXF","Disabled","Active","LikelyEnabled","Enabled","DisabledByUser","N/A","Unknown","2026-03-15 15:07"
"MAC-IT-SNPOOX","Disabled","Active","LikelyEnabled","Enabled","Enabled","PartiallyManaged","BlockedByProfile","2026-03-08 06:14"
"MBA-DEV-VMILID","Enabled","Inactive","LikelyEnabled","Disabled","DisabledByUser","PartiallyManaged","Enabled","2026-03-07 03:42"
"MAC-DEV-DOYXNG","BlockedByProfile","Inactive","N/A","Disabled","BlockedByProfile","AllBlocked","Enabled","2026-03-14 00:13"
"MBP-ENG-AWTXXC","Disabled","BlockedByProfile","LikelyEnabled","Disabled","DisabledByUser","PartiallyManaged","BlockedByProfile","2026-03-08 01:38"
"MBA-OPS-QSVVTI","Disabled","Active","LikelyEnabled","Disabled","Enabled","PartiallyManaged","Enabled","2026-03-15 17:39"
"STUDIO-IT-ACRUDT","Enabled","Active","LikelyEnabled","Enabled","Enabled","N/A","Enabled","2026-03-14 17:27"
"MBA-DEV-BCTNEY","Disabled","Active","LikelyEnabled","BlockedByProfile","Unknown","AllBlocked","DisabledByUser","2026-03-14 09:10"
"IMAC-EXEC-TXMATO","N/A","Active","LikelyEnabled","Enabled","BlockedByProfile","PartiallyManaged","Enabled","2026-03-06 16:32"
"STUDIO-DEV-ZOEYGZ","Disabled","Active","LikelyEnabled","Enabled","Enabled","N/A","DisabledByUser","2026-03-17 15:02"
"STUDIO-FIN-IHJSAH","Disabled","N/A","BlockedByProfile","Enabled","Enabled","AllBlocked","Enabled","2026-03-19 23:28"
"STUDIO-HR-OBZDAI","Enabled","Active","NoiCloudAccount","Disabled","DisabledByUser","Available","Unknown","2026-03-09 02:11"
"STUDIO-SEC-ULHEIK","Enabled","Configured","NoiCloudAccount","Enabled","BlockedByProfile","Available","Unknown","2026-03-11 17:19"
"MBA-FIN-RPZTDU","BlockedByProfile","Inactive","LikelyEnabled","Disabled","BlockedByProfile","Available","DisabledByUser","2026-03-10 12:41"
"MBP-DEV-CKORXW","Disabled","Inactive","BlockedByProfile","Disabled","BlockedByProfile","Available","BlockedByProfile","2026-03-17 02:47"
"MBA-SEC-VCSDYH","Disabled","N/A","BlockedByProfile","Enabled","BlockedByProfile","N/A","DisabledByUser","2026-03-12 07:48"
"MAC-IT-KYHNXB","N/A","Active","LikelyEnabled","BlockedByProfile","Enabled","AllBlocked","Unknown","2026-03-11 00:45"
"IMAC-ENG-ZSEUKD","Disabled","Active","LikelyEnabled","Disabled","DisabledByUser","PartiallyManaged","Enabled","2026-03-08 23:15"
"MBA-HR-SFEXQF","BlockedByProfile","Inactive","BlockedByProfile","Enabled","Enabled","AllBlocked","Enabled","2026-03-19 06:47"
"IMAC-MKT-WHTSJG","BlockedByProfile","Inactive","BlockedByProfile","Enabled","Enabled","AllBlocked","Unknown","2026-03-12 07:47"
"MAC-EXEC-NGXDMI","Enabled","Configured","LikelyEnabled","Enabled","BlockedByProfile","AllBlocked","Unknown","2026-03-17 04:43"
"STUDIO-MKT-WUHJLG","Enabled","BlockedByProfile","LikelyEnabled","BlockedByProfile","Enabled","Available","Enabled","2026-03-13 17:13"
"MINI-MKT-IBEGQW","BlockedByProfile","Active","LikelyEnabled","Disabled","DisabledByUser","N/A","Unknown","2026-03-18 06:59"
"STUDIO-HR-EFVGCX","BlockedByProfile","N/A","LikelyEnabled","Enabled","Unknown","PartiallyManaged","BlockedByProfile","2026-03-19 08:07"
"MAC-LEGAL-HBOVCO","Disabled","Configured","LikelyEnabled","Enabled","BlockedByProfile","PartiallyManaged","DisabledByUser","2026-03-08 08:01"
"MINI-EXEC-MOZOKE","Enabled","Configured","NoiCloudAccount","N/A","DisabledByUser","PartiallyManaged","BlockedByProfile","2026-03-19 11:51"
"STUDIO-IT-GDPJIM","Disabled","Active","BlockedByProfile","BlockedByProfile","Enabled","Available","BlockedByProfile","2026-03-07 06:11"
"MBA-DEV-WKQHOU","BlockedByProfile","Configured","BlockedByProfile","Enabled","Enabled","PartiallyManaged","BlockedByProfile","2026-03-06 22:13"
"MAC-LEGAL-YUNYCT","Enabled","Configured","N/A","Enabled","BlockedByProfile","Available","Unknown","2026-03-11 15:58"
"STUDIO-MKT-AVCHRH","Disabled","Active","LikelyEnabled","BlockedByProfile","Enabled","Available","Unknown","2026-03-12 06:00"
"STUDIO-ENG-WMPQTI","Enabled","N/A","NoiCloudAccount","BlockedByProfile","DisabledByUser","AllBlocked","DisabledByUser","2026-03-19 08:31"
"IMAC-ENG-QVTERE","N/A","Active","LikelyEnabled","Enabled","Enabled","PartiallyManaged","Enabled","2026-03-13 20:18"
"MAC-LEGAL-GJCVBL","Disabled","Configured","NoiCloudAccount","Disabled","DisabledByUser","PartiallyManaged","DisabledByUser","2026-03-07 15:11"
"IMAC-MKT-IDFDOB","BlockedByProfile","Active","NoiCloudAccount","Enabled","BlockedByProfile","Available","DisabledByUser","2026-03-12 15:43"
"MAC-HR-FKQQGP","Disabled","Active","NoiCloudAccount","Enabled","Enabled","Available","DisabledByUser","2026-03-13 02:17"
"MAC-HR-QKIOMI","Disabled","Active","LikelyEnabled","Disabled","DisabledByUser","PartiallyManaged","DisabledByUser","2026-03-18 21:49"
"MBA-LEGAL-JATRGZ","Enabled","Active","LikelyEnabled","Enabled","Enabled","Available","Enabled","2026-03-06 15:08"
"MAC-IT-UWJQFD","Disabled","BlockedByProfile","LikelyEnabled","Disabled","Enabled","N/A","DisabledByUser","2026-03-12 12:18"
"MAC-IT-HOPWER","Disabled","BlockedByProfile","N/A","Enabled","BlockedByProfile","Available","Unknown","2026-03-08 22:36"
"MAC-ENG-YCIFDR","BlockedByProfile","Active","NoiCloudAccount","Enabled","Unknown","Available","Enabled","2026-03-12 17:48"
"STUDIO-DEV-UCHQCR","BlockedByProfile","BlockedByProfile","BlockedByProfile","Enabled","Enabled","Available","Enabled","2026-03-14 22:38"
"MBA-SEC-WKSVNH","BlockedByProfile","BlockedByProfile","LikelyEnabled","BlockedByProfile","BlockedByProfile","AllBlocked","Enabled","2026-03-12 15:28"
"IMAC-ENG-DGLLEH","Enabled","Active","LikelyEnabled","Disabled","Enabled","Available","Enabled","2026-03-17 19:12"
"MINI-EXEC-UAOCQR","Disabled","Configured","NoiCloudAccount","Disabled","Enabled","AllBlocked","Unknown","2026-03-17 04:24"
"MBA-FIN-ODEVJR","Disabled","Inactive","LikelyEnabled","Enabled","BlockedByProfile","PartiallyManaged","Enabled","2026-03-15 03:08"
"MAC-FIN-ULMDVC","Enabled","Inactive","LikelyEnabled","Enabled","DisabledByUser","Available","Enabled","2026-03-14 01:40"
"MINI-HR-HCOXRS","Enabled","BlockedByProfile","LikelyEnabled","Disabled","BlockedByProfile","Available","Unknown","2026-03-10 23:39"
"MBP-LEGAL-NSVDHE","N/A","Configured","N/A","Disabled","Enabled","N/A","DisabledByUser","2026-03-18 18:04"
"STUDIO-LEGAL-VMQFJA","Enabled","Active","LikelyEnabled","Enabled","Enabled","N/A","BlockedByProfile","2026-03-06 19:44"
"STUDIO-DEV-LEKDAF","Enabled","Active","LikelyEnabled","BlockedByProfile","Enabled","Available","BlockedByProfile","2026-03-07 23:39"
"IMAC-IT-QPMYVV","Disabled","Active","NoiCloudAccount","Enabled","Unknown","PartiallyManaged","BlockedByProfile","2026-03-12 10:48"
"MBP-DEV-JMVBVM","Disabled","BlockedByProfile","BlockedByProfile","Enabled","Enabled","AllBlocked","BlockedByProfile","2026-03-17 13:38"
"MINI-MKT-NFZBJZ","Disabled","Inactive","LikelyEnabled","Enabled","Enabled","Available","Enabled","2026-03-19 04:36"
"MINI-EXEC-LBPOKW","N/A","Configured","NoiCloudAccount","Enabled","Enabled","N/A","BlockedByProfile","2026-03-18 16:23"
"MINI-LEGAL-EEQFAB","Enabled","Configured","BlockedByProfile","Disabled","Enabled","AllBlocked","DisabledByUser","2026-03-13 13:55"
"MBP-HR-VCAHJK","BlockedByProfile","BlockedByProfile","BlockedByProfile","Disabled","DisabledByUser","PartiallyManaged","DisabledByUser","2026-03-19 18:19"
"IMAC-HR-WEGGFX","Disabled","BlockedByProfile","BlockedByProfile","Disabled","Enabled","Available","BlockedByProfile","2026-03-09 05:37"
"STUDIO-ENG-YBXJGY","BlockedByProfile","Active","BlockedByProfile","Enabled","BlockedByProfile","Available","Enabled","2026-03-16 04:48"
"STUDIO-EXEC-QUQKHM","Enabled","Active","N/A","N/A","Enabled","PartiallyManaged","DisabledByUser","2026-03-10 09:13"
"MBP-LEGAL-VGTSIB","BlockedByProfile","BlockedByProfile","NoiCloudAccount","Enabled","BlockedByProfile","N/A","DisabledByUser","2026-03-17 08:09"
"STUDIO-IT-WFZCBO","Enabled","Active","NoiCloudAccount","Enabled","Enabled","AllBlocked","Enabled","2026-03-09 10:41"
"IMAC-SEC-DFLGUS","Disabled","N/A","LikelyEnabled","Disabled","Enabled","PartiallyManaged","BlockedByProfile","2026-03-16 01:30"
"MAC-OPS-COLVIY","Enabled","BlockedByProfile","LikelyEnabled","Disabled","DisabledByUser","AllBlocked","DisabledByUser","2026-03-12 06:10"
"MAC-EXEC-WRALFQ","BlockedByProfile","Active","NoiCloudAccount","Enabled","DisabledByUser","Available","BlockedByProfile","2026-03-14 09:29"
"MBA-ENG-TPQQQX","Enabled","N/A","BlockedByProfile","N/A","BlockedByProfile","AllBlocked","Enabled","2026-03-07 01:14"
"MBA-EXEC-CUJJSD","Disabled","Configured","NoiCloudAccount","BlockedByProfile","DisabledByUser","AllBlocked","BlockedByProfile","2026-03-06 14:34"
"MBA-OPS-JTFYSC","Enabled","Active","NoiCloudAccount","N/A","Enabled","AllBlocked","Enabled","2026-03-18 08:28"
"MBP-EXEC-DFZWCH","Enabled","N/A","LikelyEnabled","Disabled","DisabledByUser","AllBlocked","Enabled","2026-03-09 00:00"
"IMAC-HR-OCUDEO","Disabled","Active","LikelyEnabled","Disabled","Enabled","Available","Enabled","2026-03-20 01:22"
"MAC-ENG-ZWQZQZ","Disabled","BlockedByProfile","NoiCloudAccount","Disabled","DisabledByUser","Available","Unknown","2026-03-18 21:08"
"MBA-SEC-NLMADE","Enabled","BlockedByProfile","LikelyEnabled","N/A","Enabled","Available","Unknown","2026-03-11 04:30"
"MINI-LEGAL-EYVGIH","Disabled","Configured","LikelyEnabled","BlockedByProfile","Enabled","PartiallyManaged","DisabledByUser","2026-03-10 04:57"
"MINI-LEGAL-FTEMYR","Disabled","BlockedByProfile","LikelyEnabled","Enabled","DisabledByUser","AllBlocked","Enabled","2026-03-15 16:41"
"STUDIO-DEV-MJFKVM","Enabled","N/A","BlockedByProfile","BlockedByProfile","Enabled","AllBlocked","Unknown","2026-03-18 09:26"
"MBP-DEV-ZUWEXB","BlockedByProfile","Active","NoiCloudAccount","Enabled","Enabled","N/A","BlockedByProfile","2026-03-16 04:28"
"STUDIO-FIN-RKOLLD","Disabled","N/A","LikelyEnabled","BlockedByProfile","BlockedByProfile","Available","Enabled","2026-03-14 17:45"
"MBA-OPS-VJLLRG","Disabled","BlockedByProfile","NoiCloudAccount","N/A","BlockedByProfile","PartiallyManaged","Enabled","2026-03-16 01:05"
"MBP-FIN-OJAYDQ","BlockedByProfile","Active","NoiCloudAccount","Enabled","Enabled","Available","Enabled","2026-03-11 18:52"
"MINI-OPS-YQLBDK","Disabled","Active","NoiCloudAccount","Enabled","Enabled","N/A","Enabled","2026-03-14 05:58"
"MAC-MKT-DWWEFM","Disabled","Inactive","BlockedByProfile","Enabled","Enabled","AllBlocked","Enabled","2026-03-14 18:36"
"IMAC-HR-IEWCTM","Enabled","BlockedByProfile","LikelyEnabled","Enabled","BlockedByProfile","N/A","BlockedByProfile","2026-03-17 06:52"
"MINI-FIN-BTIEOV","Disabled","Inactive","BlockedByProfile","Disabled","Enabled","Available","DisabledByUser","2026-03-09 20:44"
"IMAC-DEV-SUOARQ","Disabled","BlockedByProfile","LikelyEnabled","Disabled","Enabled","N/A","Enabled","2026-03-11 18:29"
"MBP-DEV-LQOXQE","BlockedByProfile","Active","N/A","Disabled","Enabled","N/A","Enabled","2026-03-18 04:47"
"MINI-MKT-PBTASY","Enabled","Active","NoiCloudAccount","Enabled","DisabledByUser","N/A","BlockedByProfile","2026-03-08 05:20"
"MINI-ENG-IWTMWX","BlockedByProfile","Active","LikelyEnabled","Disabled","BlockedByProfile","AllBlocked","BlockedByProfile","2026-03-07 02:52"
"STUDIO-IT-DEPKHE","N/A","Active","NoiCloudAccount","Disabled","DisabledByUser","Available","BlockedByProfile","2026-03-09 18:51"
"IMAC-ENG-ELLEJD","Disabled","Inactive","LikelyEnabled","Enabled","Enabled","AllBlocked","Enabled","2026-03-13 07:54"
"STUDIO-FIN-WERTXM","Enabled","Active","BlockedByProfile","Disabled","Enabled","Available","Enabled","2026-03-07 23:11"
"MBP-MKT-FSNILD","BlockedByProfile","BlockedByProfile","BlockedByProfile","Enabled","DisabledByUser","AllBlocked","DisabledByUser","2026-03-15 17:52"
"STUDIO-SEC-WMYIZS","BlockedByProfile","Active","LikelyEnabled","Enabled","Enabled","PartiallyManaged","Unknown","2026-03-14 11:38"
"STUDIO-DEV-MJANBO","Disabled","Inactive","BlockedByProfile","Enabled","Enabled","Available","Enabled","2026-03-20 00:25"
"MAC-SEC-NIDDWC","N/A","Active","LikelyEnabled","Enabled","DisabledByUser","Available","Enabled","2026-03-15 07:38"
"IMAC-SEC-IIFBIS","Enabled","Active","BlockedByProfile","Enabled","BlockedByProfile","AllBlocked","BlockedByProfile","2026-03-12 21:17"
"MBA-HR-ZJYBWA","N/A","BlockedByProfile","N/A","Disabled","DisabledByUser","AllBlocked","DisabledByUser","2026-03-09 08:27"
"MBA-DEV-DYORES","BlockedByProfile","Active","LikelyEnabled","N/A","DisabledByUser","Available","Enabled","2026-03-07 13:35"
"STUDIO-IT-OBWVJS","BlockedByProfile","N/A","LikelyEnabled","Enabled","BlockedByProfile","Available","BlockedByProfile","2026-03-16 11:31"
"STUDIO-DEV-ZTVMOC","Disabled","Configured","LikelyEnabled","Enabled","Enabled","Available","DisabledByUser","2026-03-08 02:56"
"STUDIO-FIN-JFOKXJ","Enabled","N/A","NoiCloudAccount","Disabled","Enabled","Available","Unknown","2026-03-08 06:08"
"IMAC-DEV-TQINFO","BlockedByProfile","BlockedByProfile","BlockedByProfile","BlockedByProfile","Enabled","Available","BlockedByProfile","2026-03-09 20:32"
"MBA-HR-FZGBSQ","Enabled","BlockedByProfile","LikelyEnabled","Disabled","BlockedByProfile","AllBlocked","BlockedByProfile","2026-03-14 03:11"
"MAC-LEGAL-LMOSUO","Disabled","Inactive","LikelyEnabled","Enabled","Unknown","PartiallyManaged","BlockedByProfile","2026-03-17 23:35"
"STUDIO-LEGAL-AFYYZM","Disabled","Inactive","NoiCloudAccount","BlockedByProfile","Enabled","N/A","Enabled","2026-03-11 22:38"
"MBP-HR-DJTIVG","N/A","Configured","LikelyEnabled","BlockedByProfile","Enabled","PartiallyManaged","BlockedByProfile","2026-03-10 11:17"
"IMAC-MKT-KMDWPI","Enabled","Active","NoiCloudAccount","Disabled","Enabled","PartiallyManaged","Enabled","2026-03-13 04:24"
"IMAC-FIN-QAXNRN","Disabled","N/A","BlockedByProfile","Enabled","DisabledByUser","N/A","Unknown","2026-03-10 21:00"
"IMAC-EXEC-VUKCVY","Disabled","Active","NoiCloudAccount","N/A","Enabled","PartiallyManaged","Enabled","2026-03-09 05:33"
"IMAC-FIN-WJAESY","Disabled","Configured","LikelyEnabled","Disabled","BlockedByProfile","AllBlocked","DisabledByUser","2026-03-08 17:47"
"STUDIO-IT-QHTMCZ","Enabled","Inactive","NoiCloudAccount","N/A","Unknown","PartiallyManaged","Enabled","2026-03-16 06:44"
"IMAC-HR-YTRMEM","Enabled","Inactive","LikelyEnabled","Disabled","DisabledByUser","AllBlocked","Enabled","2026-03-10 09:41"
"STUDIO-IT-CFRKXR","Enabled","N/A","LikelyEnabled","Enabled","DisabledByUser","AllBlocked","Enabled","2026-03-07 00:05"
"STUDIO-FIN-YOFKFI","Enabled","Active","BlockedByProfile","Enabled","Enabled","Available","Enabled","2026-03-12 04:48"
"MAC-HR-JBOFVK","Enabled","Configured","NoiCloudAccount","Enabled","DisabledByUser","N/A","Enabled","2026-03-07 01:36"
"IMAC-HR-DRVFZJ","BlockedByProfile","Active","LikelyEnabled","Enabled","BlockedByProfile","AllBlocked","Enabled","2026-03-10 05:04"
"STUDIO-FIN-PRHVTC","Enabled","BlockedByProfile","LikelyEnabled","Disabled","BlockedByProfile","Available","Unknown","2026-03-07 08:15"
"IMAC-OPS-AUGPLI","BlockedByProfile","Active","LikelyEnabled","Disabled","Enabled","AllBlocked","DisabledByUser","2026-03-14 08:40"
"IMAC-SEC-LROTGM","Disabled","Active","LikelyEnabled","BlockedByProfile","Enabled","N/A","BlockedByProfile","2026-03-16 22:14"
"MBP-ENG-XCLEWH","Enabled","Active","LikelyEnabled","Disabled","BlockedByProfile","AllBlocked","BlockedByProfile","2026-03-10 04:14"
"MAC-OPS-XVQDZM","Enabled","BlockedByProfile","LikelyEnabled","BlockedByProfile","Enabled","Available","Enabled","2026-03-06 14:23"
"STUDIO-IT-KBUNWM","Disabled","BlockedByProfile","LikelyEnabled","Enabled","Enabled","AllBlocked","DisabledByUser","2026-03-11 20:10"
"IMAC-HR-QEGPUQ","BlockedByProfile","N/A","NoiCloudAccount","N/A","BlockedByProfile","AllBlocked","DisabledByUser","2026-03-08 19:26"
"STUDIO-SEC-FEADWC","N/A","BlockedByProfile","NoiCloudAccount","Disabled","Enabled","Available","BlockedByProfile","2026-03-07 11:19"
"MBP-ENG-TJHKKB","Enabled","Inactive","LikelyEnabled","Enabled","Enabled","PartiallyManaged","BlockedByProfile","2026-03-15 16:58"
"STUDIO-ENG-OKAFWM","Enabled","N/A","BlockedByProfile","Disabled","DisabledByUser","N/A","DisabledByUser","2026-03-13 18:10"
"IMAC-ENG-JPHHKS","BlockedByProfile","BlockedByProfile","NoiCloudAccount","Enabled","DisabledByUser","Available","BlockedByProfile","2026-03-15 04:24"
"MBP-ENG-YZJVIG","Disabled","BlockedByProfile","LikelyEnabled","Disabled","BlockedByProfile","Available","Enabled","2026-03-16 04:23"
"MBP-MKT-HGRPPM","Disabled","Configured","LikelyEnabled","BlockedByProfile","Enabled","Available","Enabled","2026-03-13 07:08"
"STUDIO-LEGAL-UBQTLI","Enabled","Configured","LikelyEnabled","N/A","BlockedByProfile","AllBlocked","Enabled","2026-03-09 19:10"
"MINI-MKT-QVYPFR","N/A","N/A","LikelyEnabled","N/A","Enabled","Available","BlockedByProfile","2026-03-16 18:35"
"MBP-HR-IQIXLK","BlockedByProfile","BlockedByProfile","BlockedByProfile","Enabled","Enabled","AllBlocked","DisabledByUser","2026-03-18 23:17"
"STUDIO-IT-XXSZLM","Enabled","Active","LikelyEnabled","BlockedByProfile","Enabled","PartiallyManaged","DisabledByUser","2026-03-13 09:19"
"STUDIO-IT-CIEWLM","Enabled","Configured","LikelyEnabled","Disabled","Enabled","AllBlocked","Enabled","2026-03-20 01:49"
"MAC-HR-PROLHY","Disabled","Inactive","BlockedByProfile","Disabled","Enabled","Available","Enabled","2026-03-10 19:56"
"STUDIO-LEGAL-PPQAKY","Disabled","Active","LikelyEnabled","Disabled","BlockedByProfile","PartiallyManaged","Enabled","2026-03-17 11:27"
"MINI-ENG-AQCNIT","Enabled","Active","NoiCloudAccount","N/A","DisabledByUser","PartiallyManaged","Enabled","2026-03-12 17:41"
"MINI-MKT-IBVPNX","N/A","Active","LikelyEnabled","Disabled","Enabled","Available","DisabledByUser","2026-03-11 00:07"
"IMAC-MKT-GARICI","Disabled","Active","BlockedByProfile","Enabled","Enabled","PartiallyManaged","Enabled","2026-03-10 11:21"
"STUDIO-EXEC-IOSVGL","Enabled","Active","BlockedByProfile","Enabled","Enabled","Available","BlockedByProfile","2026-03-18 17:13"
"MBA-FIN-HXIDWP","Enabled","N/A","LikelyEnabled","N/A","Enabled","Available","Enabled","2026-03-15 17:01"
"MBA-FIN-CMDULP","BlockedByProfile","Active","LikelyEnabled","Enabled","Enabled","PartiallyManaged","Enabled","2026-03-18 17:34"
"MBA-MKT-RKOUWD","Disabled","N/A","LikelyEnabled","Enabled","Enabled","AllBlocked","Enabled","2026-03-08 00:44"
"STUDIO-HR-LDFNRH","Disabled","Active","LikelyEnabled","Enabled","BlockedByProfile","PartiallyManaged","BlockedByProfile","2026-03-17 10:23"
"MAC-OPS-OGEQGG","Enabled","Active","LikelyEnabled","Disabled","DisabledByUser","N/A","Unknown","2026-03-06 20:27"
"STUDIO-OPS-IMLRJH","N/A","BlockedByProfile","LikelyEnabled","Enabled","BlockedByProfile","Available","DisabledByUser","2026-03-16 07:30"
"STUDIO-OPS-DEONQG","Enabled","Inactive","NoiCloudAccount","Enabled","BlockedByProfile","AllBlocked","Enabled","2026-03-09 04:00"
"MBA-ENG-WFSGCH","Disabled","BlockedByProfile","LikelyEnabled","Enabled","BlockedByProfile","AllBlocked","Enabled","2026-03-18 20:01"
"MBA-EXEC-CYHNBV","Enabled","BlockedByProfile","BlockedByProfile","Disabled","Enabled","PartiallyManaged","Unknown","2026-03-08 21:03"
"STUDIO-OPS-LMKKQP","Disabled","BlockedByProfile","NoiCloudAccount","Disabled","Enabled","PartiallyManaged","BlockedByProfile","2026-03-18 06:19"
"IMAC-IT-QCTYZG","BlockedByProfile","Active","LikelyEnabled","Enabled","Enabled","Available","Unknown","2026-03-14 02:46"
"IMAC-DEV-UFDGUU","Enabled","Configured","BlockedByProfile","Disabled","BlockedByProfile","Available","Enabled","2026-03-07 06:14"
"MINI-EXEC-YLATEB","Enabled","BlockedByProfile","NoiCloudAccount","Enabled","Enabled","AllBlocked","Enabled","2026-03-10 07:00"
